index,label,split
0,2,train
1,3,train
2,3,train
3,4,test
4,3,train
5,0,train
6,0,validation
7,0,train
8,0,train
9,1,validation
10,3,train
11,2,validation
12,4,train
13,1,train
14,2,test
15,1,train
16,1,test
17,2,train
18,3,train
19,3,train
20,3,train
21,0,validation
22,3,validation
23,2,train
24,1,validation
25,1,test
26,1,train
27,3,train
28,4,train
29,2,train
30,2,test
31,3,test
32,2,train
33,4,train
34,2,train
35,2,train
36,0,train
37,0,train
38,0,train
39,2,test
40,0,train
41,3,train
42,0,train
43,1,train
44,1,train
45,1,test
46,2,train
47,1,test
48,3,test
49,4,train
50,4,train
51,0,train
52,0,train
53,2,train
54,3,test
55,2,train
56,2,train
57,3,train
58,4,train
59,4,test
60,1,train
61,4,train
62,2,train
63,2,test
64,0,train
65,0,test
66,1,test
67,1,train
68,0,test
69,3,train
70,0,train
71,4,train
72,4,train
73,3,train
74,0,train
75,4,train
76,3,validation
77,3,test
78,2,train
79,4,train
80,4,train
81,0,train
82,2,train
83,2,train
84,1,validation
85,3,train
86,2,validation
87,0,train
88,3,train
89,4,train
90,3,test
91,4,validation
92,1,train
93,4,train
94,2,validation
95,3,train
96,0,train
97,1,train
98,2,train
99,1,train
100,3,train
101,0,validation
102,1,train
103,4,train
104,1,train
105,0,validation
106,2,train
107,3,train
108,0,train
109,0,train
110,4,validation
111,0,train
112,4,train
113,4,train
114,1,train
115,0,train
116,3,train
117,0,train
118,4,train
119,0,test
120,3,train
121,1,train
122,4,train
123,2,train
124,2,train
125,2,test
126,1,test
127,2,train
128,1,train
129,1,train
130,0,train
131,1,test
132,2,test
133,4,train
134,3,train
135,3,train
136,0,train
137,3,test
138,2,train
139,2,validation
140,1,train
141,0,train
142,3,train
143,2,train
144,4,train
145,2,validation
146,0,train
147,3,train
148,4,test
149,3,validation
150,3,train
151,1,train
152,3,train
153,4,train
154,2,train
155,2,train
156,0,test
157,0,train
158,1,train
159,3,train
160,0,test
161,0,test
162,4,test
163,3,train
164,0,train
165,3,train
166,3,train
167,2,train
168,0,train
169,2,test
170,1,train
171,4,train
172,0,train
173,3,test
174,3,train
175,3,train
176,0,train
177,2,test
178,1,train
179,3,train
180,0,validation
181,3,test
182,0,train
183,1,train
184,1,train
185,2,validation
186,2,validation
187,0,train
188,3,train
189,3,train
190,1,validation
191,0,train
192,1,train
193,4,train
194,0,train
195,4,train
196,4,train
197,4,train
198,4,train
199,0,train
200,4,test
201,2,train
202,3,train
203,4,train
204,0,train
205,0,test
206,4,train
207,4,train
208,2,train
209,2,train
210,2,train
211,3,train
212,4,validation
213,4,train
214,4,validation
215,3,train
216,3,train
217,2,train
218,1,train
219,4,train
220,3,train
221,4,train
222,3,train
223,2,validation
224,4,train
225,2,train
226,2,train
227,4,train
228,4,train
229,3,train
230,3,train
231,0,train
232,3,train
233,2,train
234,0,train
235,1,train
236,2,train
237,1,test
238,4,train
239,3,train
240,1,test
241,2,train
242,2,train
243,0,train
244,4,train
245,2,train
246,2,train
247,4,test
248,0,train
249,0,test
250,1,test
251,4,train
252,1,train
253,1,validation
254,1,train
255,1,train
256,0,train
257,2,train
258,0,train
259,2,train
260,2,train
261,4,test
262,0,train
263,3,test
264,0,train
265,0,train
266,1,train
267,2,train
268,0,test
269,1,train
270,2,train
271,3,train
272,3,train
273,1,validation
274,3,train
275,0,train
276,1,train
277,0,train
278,0,train
279,3,test
280,3,train
281,2,test
282,4,train
283,0,validation
284,1,train
285,0,train
286,2,train
287,1,train
288,1,train
289,2,train
290,2,train
291,0,test
292,3,train
293,3,validation
294,4,train
295,0,train
296,4,train
297,0,train
298,4,train
299,0,train
300,2,validation
301,2,train
302,1,train
303,0,train
304,0,train
305,0,train
306,2,train
307,0,validation
308,3,train
309,2,train
310,1,train
311,1,train
312,1,train
313,3,validation
314,0,train
315,0,train
316,2,train
317,2,train
318,1,train
319,2,train
320,2,train
321,4,train
322,0,train
323,0,train
324,0,train
325,1,train
326,1,train
327,0,train
328,4,train
329,1,train
330,4,train
331,4,train
332,3,train
333,1,train
334,0,train
335,1,train
336,4,train
337,0,train
338,0,validation
339,3,train
340,2,validation
341,3,train
342,4,train
343,4,validation
344,0,train
345,0,train
346,2,train
347,2,train
348,3,train
349,2,test
350,3,train
351,3,train
352,2,train
353,3,train
354,4,test
355,0,train
356,0,train
357,3,train
358,2,train
359,4,train
360,1,train
361,0,test
362,0,train
363,4,test
364,4,train
365,2,train
366,0,validation
367,3,train
368,4,train
369,3,train
370,0,train
371,3,train
372,2,validation
373,0,train
374,3,train
375,2,train
376,0,train
377,0,validation
378,3,train
379,2,train
380,4,test
381,0,train
382,3,test
383,0,train
384,4,train
385,0,train
386,0,test
387,1,train
388,3,test
389,2,validation
390,0,train
391,2,train
392,2,validation
393,3,train
394,4,train
395,0,train
396,1,train
397,4,train
398,1,train
399,0,test
400,4,train
401,4,validation
402,3,train
403,4,train
404,0,validation
405,2,train
406,0,train
407,2,validation
408,3,test
409,3,train
410,2,train
411,4,train
412,0,train
413,0,validation
414,3,train
415,0,train
416,1,train
417,2,validation
418,1,train
419,2,test
420,2,test
421,2,train
422,1,train
423,0,train
424,4,test
425,2,validation
426,4,train
427,1,validation
428,0,validation
429,0,validation
430,4,train
431,2,train
432,1,train
433,3,train
434,1,train
435,2,train
436,3,validation
437,3,train
438,1,train
439,1,train
440,0,train
441,1,train
442,2,train
443,0,train
444,2,train
445,2,train
446,0,train
447,3,train
448,1,test
449,0,train
450,3,train
451,2,train
452,1,train
453,4,train
454,3,train
455,1,train
456,3,test
457,0,train
458,0,validation
459,2,validation
460,3,train
461,4,train
462,0,train
463,1,validation
464,0,train
465,0,train
466,2,train
467,3,train
468,0,train
469,4,train
470,1,train
471,2,train
472,1,train
473,3,train
474,4,test
475,0,train
476,4,validation
477,4,validation
478,3,train
479,0,train
480,2,validation
481,4,train
482,0,train
483,3,validation
484,1,train
485,0,train
486,1,train
487,2,validation
488,4,train
489,0,test
490,4,test
491,4,train
492,2,train
493,3,train
494,0,test
495,4,test
496,1,train
497,0,test
498,0,train
499,0,train
500,0,train
501,3,validation
502,2,train
503,1,train
504,0,train
505,4,test
506,2,validation
507,2,train
508,1,train
509,2,train
510,0,test
511,0,validation
512,1,test
513,2,train
514,2,train
515,4,train
516,2,train
517,2,train
518,3,train
519,3,validation
520,0,test
521,0,train
522,0,train
523,2,validation
524,4,train
525,0,train
526,2,validation
527,2,test
528,4,validation
529,3,train
530,3,train
531,2,validation
532,0,test
533,2,validation
534,1,train
535,0,train
536,0,train
537,4,train
538,4,train
539,0,train
540,4,train
541,3,train
542,4,train
543,3,test
544,2,train
545,2,train
546,0,validation
547,3,train
548,1,train
549,4,train
550,2,test
551,3,train
552,3,train
553,3,train
554,2,train
555,0,train
556,3,train
557,3,train
558,4,train
559,4,train
560,4,train
561,3,train
562,4,train
563,0,train
564,0,train
565,1,validation
566,3,test
567,1,test
568,2,validation
569,0,train
570,0,test
571,0,train
572,3,train
573,2,train
574,4,validation
575,0,train
576,4,train
577,4,validation
578,2,validation
579,3,train
580,3,train
581,3,train
582,0,test
583,0,test
584,2,train
585,0,train
586,4,train
587,1,train
588,0,train
589,0,test
590,4,train
591,3,train
592,2,train
593,1,train
594,1,train
595,2,train
596,2,train
597,1,train
598,2,train
599,1,test
600,4,train
601,4,validation
602,0,train
603,1,train
604,2,test
605,3,test
606,3,test
607,1,validation
608,0,train
609,0,train
610,0,train
611,4,train
612,0,train
613,2,train
614,4,train
615,1,train
616,3,train
617,0,validation
618,2,train
619,3,validation
620,3,train
621,0,train
622,2,test
623,4,train
624,2,train
625,2,train
626,3,test
627,4,test
628,1,train
629,3,train
630,2,train
631,0,train
632,4,train
633,0,validation
634,0,test
635,0,test
636,0,train
637,3,validation
638,2,train
639,0,train
640,4,train
641,2,train
642,0,train
643,0,train
644,0,test
645,0,train
646,4,train
647,0,train
648,1,train
649,0,train
650,2,train
651,0,test
652,0,train
653,2,train
654,0,train
655,0,train
656,0,train
657,4,train
658,2,train
659,4,validation
660,3,train
661,2,train
662,1,train
663,4,train
664,0,train
665,1,train
666,0,train
667,0,train
668,0,train
669,2,validation
670,3,test
671,4,test
672,1,train
673,0,train
674,1,validation
675,0,train
676,4,train
677,1,train
678,1,train
679,3,validation
680,1,train
681,4,train
682,2,train
683,4,train
684,0,train
685,3,validation
686,3,train
687,4,train
688,4,train
689,2,test
690,1,train
691,4,train
692,0,train
693,0,test
694,4,test
695,2,train
696,3,train
697,2,test
698,2,train
699,0,train
700,3,train
701,2,train
702,2,train
703,3,train
704,0,train
705,0,test
706,1,train
707,4,train
708,3,validation
709,1,train
710,1,test
711,0,test
712,4,train
713,0,train
714,1,train
715,2,train
716,0,validation
717,3,train
718,3,train
719,0,train
720,4,train
721,1,validation
722,4,train
723,0,test
724,2,train
725,1,train
726,4,test
727,3,validation
728,0,train
729,0,train
730,2,validation
731,2,train
732,2,train
733,4,train
734,0,train
735,3,train
736,0,train
737,0,train
738,0,test
739,0,train
740,4,train
741,0,train
742,2,train
743,3,train
744,1,validation
745,4,train
746,0,test
747,1,train
748,4,test
749,0,validation
750,4,train
751,1,train
752,0,test
753,4,train
754,4,train
755,0,train
756,4,train
757,3,train
758,1,test
759,0,train
760,3,train
761,2,validation
762,2,train
763,0,test
764,4,train
765,4,test
766,1,train
767,4,validation
768,0,test
769,0,train
770,0,train
771,1,train
772,2,train
773,0,train
774,3,train
775,4,train
776,2,test
777,4,train
778,1,train
779,0,train
780,3,train
781,3,train
782,0,train
783,2,train
784,2,validation
785,0,train
786,0,train
787,2,test
788,0,test
789,2,train
790,1,train
791,0,train
792,0,validation
793,1,validation
794,2,train
795,0,validation
796,1,train
797,3,train
798,3,train
799,1,train
800,3,test
801,0,train
802,3,validation
803,4,test
804,3,train
805,0,test
806,1,train
807,4,validation
808,4,train
809,1,train
810,0,train
811,3,validation
812,3,train
813,2,validation
814,2,train
815,0,train
816,2,test
817,4,train
818,4,train
819,1,train
820,0,train
821,4,train
822,4,train
823,0,train
824,2,train
825,1,train
826,2,validation
827,3,train
828,1,validation
829,4,validation
830,4,validation
831,2,train
832,1,train
833,1,test
834,1,train
835,0,test
836,2,train
837,2,train
838,2,train
839,4,train
840,0,train
841,4,train
842,4,train
843,2,train
844,4,test
845,1,test
846,4,train
847,0,train
848,4,train
849,3,train
850,3,validation
851,0,train
852,3,test
853,2,validation
854,3,train
855,3,train
856,2,train
857,3,train
858,0,train
859,4,test
860,3,test
861,4,test
862,2,train
863,3,train
864,0,train
865,4,train
866,4,train
867,2,train
868,0,test
869,1,train
870,3,train
871,4,train
872,4,train
873,2,train
874,1,test
875,0,train
876,2,train
877,0,test
878,2,train
879,0,validation
880,1,test
881,3,train
882,2,train
883,2,train
884,1,train
885,3,validation
886,0,train
887,4,train
888,3,train
889,2,train
890,1,test
891,3,train
892,0,train
893,3,train
894,4,validation
895,0,train
896,2,train
897,1,test
898,4,train
899,4,train
900,0,train
901,0,train
902,4,train
903,1,validation
904,0,train
905,0,validation
906,1,train
907,4,train
908,2,train
909,4,validation
910,0,validation
911,3,train
912,0,validation
913,0,test
914,2,train
915,3,test
916,2,train
917,0,train
918,3,train
919,1,test
920,0,train
921,4,test
922,1,train
923,2,train
924,3,train
925,0,validation
926,0,train
927,4,test
928,1,test
929,0,train
930,1,train
931,3,validation
932,0,train
933,0,train
934,1,train
935,0,validation
936,2,validation
937,1,validation
938,2,test
939,2,train
940,0,validation
941,2,test
942,1,train
943,4,train
944,2,test
945,2,validation
946,4,validation
947,1,train
948,2,train
949,2,train
950,0,train
951,0,train
952,0,train
953,4,train
954,3,test
955,3,train
956,3,train
957,1,train
958,2,validation
959,4,test
960,1,train
961,3,train
962,3,train
963,0,train
964,3,train
965,0,train
966,3,train
967,2,train
968,0,test
969,1,train
970,0,train
971,2,train
972,3,train
973,3,train
974,2,train
975,2,train
976,1,train
977,0,train
978,3,train
979,1,train
980,0,train
981,0,train
982,3,test
983,0,train
984,2,train
985,0,train
986,4,train
987,2,train
988,0,train
989,2,test
990,3,train
991,3,train
992,4,train
993,2,train
994,1,train
995,1,test
996,2,validation
997,0,train
998,1,train
999,3,train
1000,1,test
1001,0,test
1002,0,train
1003,4,train
1004,2,train
1005,2,test
1006,3,train
1007,3,train
1008,3,train
1009,2,train
1010,0,validation
1011,3,validation
1012,0,validation
1013,0,train
1014,4,test
1015,4,train
1016,1,train
1017,4,train
1018,0,train
1019,4,train
1020,0,validation
1021,1,train
1022,3,train
1023,2,train
1024,2,train
1025,4,train
1026,1,train
1027,0,train
1028,0,train
1029,1,train
1030,2,test
1031,4,train
1032,2,train
1033,2,test
1034,2,train
1035,1,train
1036,2,train
1037,1,validation
1038,3,validation
1039,1,train
1040,0,test
1041,2,train
1042,1,train
1043,2,train
1044,0,train
1045,2,train
1046,4,train
1047,3,train
1048,4,validation
1049,4,train
1050,4,train
1051,4,train
1052,0,train
1053,4,validation
1054,4,train
1055,2,test
1056,2,test
1057,1,test
1058,2,validation
1059,3,train
1060,1,train
1061,4,train
1062,2,test
1063,0,validation
1064,2,test
1065,2,test
1066,1,train
1067,0,train
1068,0,train
1069,3,train
1070,4,train
1071,2,train
1072,1,validation
1073,3,train
1074,0,test
1075,2,train
1076,1,validation
1077,3,train
1078,2,train
1079,4,train
1080,0,train
1081,1,validation
1082,2,train
1083,4,train
1084,0,train
1085,2,train
1086,4,train
1087,3,train
1088,2,validation
1089,0,train
1090,1,train
1091,1,train
1092,2,train
1093,0,train
1094,4,test
1095,0,train
1096,3,train
1097,1,train
1098,4,validation
1099,0,validation
1100,3,validation
1101,0,train
1102,2,train
1103,2,test
1104,0,train
1105,4,validation
1106,2,train
1107,0,train
1108,3,train
1109,2,train
1110,0,train
1111,0,test
1112,2,train
1113,3,train
1114,1,train
1115,4,train
1116,0,train
1117,0,test
1118,3,test
1119,0,train
1120,3,train
1121,0,test
1122,2,train
1123,0,train
1124,4,train
1125,1,train
1126,2,train
1127,1,test
1128,0,train
1129,2,validation
1130,1,train
1131,2,train
1132,3,train
1133,2,train
1134,4,train
1135,1,train
1136,4,train
1137,1,train
1138,4,train
1139,4,train
1140,3,train
1141,3,train
1142,1,train
1143,0,train
1144,3,train
1145,4,test
1146,0,train
1147,1,validation
1148,3,train
1149,3,train
1150,0,train
1151,4,train
1152,4,train
1153,4,train
1154,2,train
1155,0,train
1156,1,train
1157,2,train
1158,4,test
1159,3,test
1160,3,train
1161,1,train
1162,0,train
1163,0,train
1164,1,train
1165,3,validation
1166,0,train
1167,2,train
1168,4,test
1169,3,train
1170,1,train
1171,1,train
1172,2,train
1173,2,train
1174,0,train
1175,2,train
1176,3,train
1177,1,train
1178,4,train
1179,3,train
1180,3,validation
1181,2,test
1182,2,train
1183,0,validation
1184,0,train
1185,0,train
1186,4,train
1187,2,train
1188,0,train
1189,4,train
1190,2,train
1191,1,train
1192,4,train
1193,3,train
1194,2,train
1195,0,train
1196,0,test
1197,3,train
1198,2,train
1199,3,test
1200,0,train
1201,0,test
1202,3,validation
1203,3,validation
1204,2,test
1205,2,test
1206,1,train
1207,0,train
1208,3,validation
1209,1,train
1210,2,train
1211,2,train
1212,2,validation
1213,4,train
1214,4,train
1215,2,validation
1216,3,test
1217,4,test
1218,3,train
1219,3,test
1220,2,train
1221,0,validation
1222,4,train
1223,3,test
1224,0,train
1225,3,test
1226,0,train
1227,4,train
1228,0,train
1229,0,train
1230,2,train
1231,4,test
1232,2,train
1233,1,test
1234,3,train
1235,3,train
1236,3,validation
1237,1,train
1238,0,train
1239,2,train
1240,1,test
1241,3,validation
1242,2,test
1243,0,train
1244,3,test
1245,2,train
1246,3,train
1247,0,train
1248,1,train
1249,0,test
1250,1,test
1251,2,train
1252,4,train
1253,1,train
1254,3,train
1255,3,test
1256,2,test
1257,2,validation
1258,1,test
1259,4,train
1260,0,train
1261,4,train
1262,1,train
1263,2,train
1264,0,train
1265,1,train
1266,1,train
1267,2,test
1268,0,train
1269,0,train
1270,4,train
1271,2,validation
1272,2,train
1273,4,train
1274,3,train
1275,2,train
1276,0,validation
1277,1,train
1278,1,train
1279,4,train
1280,2,train
1281,3,test
1282,4,validation
1283,0,train
1284,3,train
1285,2,test
1286,3,train
1287,2,train
1288,4,validation
1289,0,train
1290,2,train
1291,3,train
1292,3,validation
1293,4,train
1294,3,train
1295,1,train
1296,2,train
1297,3,train
1298,1,train
1299,0,train
1300,4,train
1301,1,train
1302,1,train
1303,4,train
1304,4,train
1305,0,train
1306,4,train
1307,0,train
1308,3,train
1309,4,test
1310,4,test
1311,2,train
1312,0,train
1313,1,test
1314,2,train
1315,0,test
1316,0,train
1317,0,test
1318,0,train
1319,4,train
1320,2,train
1321,4,train
1322,3,test
1323,2,test
1324,2,train
1325,4,test
1326,0,train
1327,3,train
1328,3,train
1329,1,train
1330,0,train
1331,3,train
1332,0,test
1333,4,train
1334,4,train
1335,3,train
1336,4,train
1337,2,train
1338,2,train
1339,3,train
1340,2,test
1341,0,train
1342,2,train
1343,0,validation
1344,1,train
1345,1,train
1346,0,train
1347,4,train
1348,2,train
1349,2,train
1350,2,train
1351,4,train
1352,2,train
1353,4,train
1354,2,test
1355,0,validation
1356,2,train
1357,3,train
1358,4,validation
1359,2,train
1360,1,train
1361,0,test
1362,3,validation
1363,3,test
1364,2,train
1365,1,train
1366,4,train
1367,2,train
1368,3,train
1369,0,train
1370,2,train
1371,0,train
1372,2,validation
1373,4,train
1374,1,test
1375,3,validation
1376,3,train
1377,0,train
1378,1,train
1379,4,train
1380,0,train
1381,4,train
1382,3,train
1383,1,test
1384,2,train
1385,3,train
1386,1,train
1387,0,train
1388,1,train
1389,3,test
1390,2,validation
1391,3,validation
1392,4,validation
1393,2,train
1394,3,train
1395,2,train
1396,0,train
1397,1,train
1398,1,train
1399,1,test
1400,1,train
1401,3,validation
1402,0,train
1403,4,train
1404,0,train
1405,3,train
1406,2,test
1407,1,validation
1408,2,train
1409,2,train
1410,3,train
1411,3,train
1412,1,train
1413,3,train
1414,1,train
1415,0,train
1416,1,test
1417,4,train
1418,2,validation
1419,0,validation
1420,2,test
1421,3,test
1422,0,train
1423,2,train
1424,1,test
1425,0,train
1426,0,train
1427,3,train
1428,4,test
1429,3,train
1430,1,train
1431,0,train
1432,2,train
1433,1,test
1434,3,train
1435,1,train
1436,1,train
1437,2,train
1438,2,train
1439,4,test
1440,0,train
1441,1,train
1442,3,train
1443,1,train
1444,0,train
1445,3,validation
1446,2,train
1447,2,test
1448,2,train
1449,3,train
1450,4,train
1451,1,validation
1452,1,train
1453,3,train
1454,2,test
1455,3,train
1456,2,train
1457,3,validation
1458,3,train
1459,0,train
1460,3,train
1461,2,validation
1462,2,train
1463,4,train
1464,1,train
1465,2,train
1466,1,train
1467,4,validation
1468,4,train
1469,3,train
1470,4,train
1471,0,test
1472,0,train
1473,4,validation
1474,4,test
1475,1,train
1476,4,train
1477,3,train
1478,2,validation
1479,4,validation
1480,0,train
1481,1,train
1482,4,train
1483,2,validation
1484,3,train
1485,0,train
1486,3,train
1487,0,train
1488,1,train
1489,3,test
1490,0,train
1491,3,train
1492,0,test
1493,3,train
1494,1,validation
1495,3,test
1496,0,validation
1497,1,train
1498,1,train
1499,2,train
1500,4,validation
1501,3,validation
1502,4,train
1503,2,validation
1504,3,train
1505,0,train
1506,0,train
1507,0,test
1508,0,train
1509,3,train
1510,4,train
1511,3,train
1512,0,validation
1513,2,train
1514,0,validation
1515,3,train
1516,0,train
1517,0,train
1518,4,train
1519,4,train
1520,2,validation
1521,0,train
1522,0,train
1523,1,train
1524,2,validation
1525,2,train
1526,3,train
1527,3,train
1528,3,train
1529,3,train
1530,3,train
1531,1,train
1532,0,test
1533,4,validation
1534,2,train
1535,1,train
1536,1,train
1537,2,validation
1538,2,train
1539,0,test
1540,4,test
1541,2,train
1542,2,validation
1543,2,test
1544,4,train
1545,4,train
1546,4,train
1547,2,train
1548,2,test
1549,4,train
1550,4,validation
1551,2,train
1552,1,train
1553,4,train
1554,3,train
1555,4,validation
1556,0,test
1557,0,test
1558,3,train
1559,0,train
1560,1,train
1561,1,train
1562,1,train
1563,0,validation
1564,2,train
1565,1,validation
1566,2,train
1567,3,train
1568,1,train
1569,4,validation
1570,1,train
1571,2,train
1572,2,train
1573,1,train
1574,2,validation
1575,3,train
1576,2,test
1577,0,train
1578,4,test
1579,4,test
1580,0,validation
1581,3,test
1582,2,train
1583,1,train
1584,0,test
1585,2,train
1586,0,train
1587,2,train
1588,3,train
1589,1,test
1590,2,test
1591,2,train
1592,0,train
1593,0,train
1594,2,train
1595,1,train
1596,0,train
1597,3,train
1598,3,train
1599,1,test
1600,0,validation
1601,2,train
1602,1,train
1603,2,validation
1604,4,train
1605,0,train
1606,4,train
1607,1,train
1608,1,train
1609,2,train
1610,3,train
1611,4,train
1612,3,train
1613,0,train
1614,2,train
1615,0,test
1616,2,test
1617,2,test
1618,1,train
1619,2,train
1620,4,train
1621,4,validation
1622,0,test
1623,3,test
1624,2,train
1625,3,train
1626,0,test
1627,4,train
1628,1,train
1629,4,train
1630,1,train
1631,0,train
1632,2,validation
1633,2,train
1634,0,train
1635,1,train
1636,2,train
1637,3,train
1638,1,train
1639,4,train
1640,1,validation
1641,4,train
1642,3,train
1643,2,test
1644,2,train
1645,4,train
1646,2,test
1647,3,train
1648,2,test
1649,1,train
1650,4,train
1651,1,train
1652,0,train
1653,4,train
1654,4,train
1655,0,validation
1656,2,train
1657,1,train
1658,4,train
1659,2,train
1660,1,train
1661,2,train
1662,1,train
1663,0,train
1664,3,train
1665,1,train
1666,0,train
1667,2,train
1668,1,validation
1669,3,train
1670,0,train
1671,2,train
1672,3,train
1673,1,train
1674,3,train
1675,4,test
1676,2,train
1677,4,validation
1678,4,train
1679,0,validation
1680,3,train
1681,0,train
1682,0,train
1683,1,train
1684,3,train
1685,2,train
1686,3,train
1687,0,validation
1688,2,train
1689,2,train
1690,2,train
1691,3,validation
1692,2,train
1693,3,train
1694,4,test
1695,4,train
1696,4,train
1697,3,train
1698,4,validation
1699,3,train
1700,2,test
1701,0,validation
1702,4,train
1703,4,train
1704,1,train
1705,1,train
1706,2,train
1707,0,test
1708,4,train
1709,2,train
1710,1,test
1711,0,train
1712,3,train
1713,2,test
1714,4,train
1715,2,validation
1716,3,train
1717,4,train
1718,1,test
1719,4,train
1720,1,train
1721,1,train
1722,1,train
1723,4,train
1724,4,train
1725,4,train
1726,1,train
1727,3,train
1728,0,train
1729,4,train
1730,2,train
1731,0,validation
1732,2,train
1733,0,train
1734,4,validation
1735,3,train
1736,0,train
1737,1,train
1738,2,train
1739,4,train
1740,0,train
1741,0,train
1742,0,train
1743,1,validation
1744,3,train
1745,3,test
1746,0,train
1747,0,train
1748,0,train
1749,0,test
1750,1,train
1751,1,test
1752,3,train
1753,0,train
1754,0,train
1755,2,validation
1756,2,validation
1757,1,test
1758,0,train
1759,2,train
1760,4,validation
1761,2,train
1762,1,train
1763,3,train
1764,0,train
1765,0,train
1766,1,validation
1767,4,train
1768,0,train
1769,4,train
1770,0,train
1771,1,test
1772,3,train
1773,2,train
1774,4,train
1775,1,test
1776,1,train
1777,3,train
1778,0,test
1779,3,train
1780,1,train
1781,1,validation
1782,0,train
1783,4,validation
1784,0,train
1785,1,validation
1786,0,validation
1787,2,train
1788,0,train
1789,0,train
1790,2,test
1791,1,train
1792,2,train
1793,1,validation
1794,3,train
1795,0,test
1796,1,validation
1797,1,train
1798,1,train
1799,2,test
1800,3,train
1801,0,train
1802,1,train
1803,0,train
1804,1,train
1805,1,train
1806,3,validation
1807,3,validation
1808,1,train
1809,0,train
1810,3,train
1811,3,train
1812,0,train
1813,4,validation
1814,3,train
1815,3,train
1816,4,train
1817,0,train
1818,3,train
1819,2,test
1820,1,train
1821,0,train
1822,4,validation
1823,3,train
1824,4,train
1825,0,train
1826,2,train
1827,1,train
1828,3,validation
1829,1,train
1830,0,train
1831,0,train
1832,0,train
1833,1,train
1834,0,train
1835,3,train
1836,0,train
1837,3,train
1838,2,test
1839,1,train
1840,2,train
1841,0,test
1842,0,test
1843,0,train
1844,1,validation
1845,0,train
1846,0,validation
1847,4,train
1848,0,test
1849,0,validation
1850,4,train
1851,2,train
1852,0,test
1853,3,train
1854,1,validation
1855,1,train
1856,0,train
1857,2,train
1858,4,validation
1859,1,validation
1860,4,test
1861,1,validation
1862,1,validation
1863,4,validation
1864,3,train
1865,0,validation
1866,4,test
1867,2,test
1868,2,train
1869,1,test
1870,3,test
1871,3,validation
1872,3,test
1873,3,train
1874,4,train
1875,0,train
1876,4,train
1877,3,train
1878,4,train
1879,1,validation
1880,2,train
1881,0,train
1882,2,train
1883,1,train
1884,2,train
1885,2,train
1886,3,train
1887,0,validation
1888,0,train
1889,2,train
1890,1,validation
1891,1,train
1892,3,train
1893,3,train
1894,4,test
1895,0,train
1896,0,train
1897,0,train
1898,2,train
1899,3,train
1900,2,train
1901,0,validation
1902,0,test
1903,2,train
1904,0,train
1905,4,train
1906,0,validation
1907,0,validation
1908,1,test
1909,1,train
1910,0,test
1911,1,train
1912,1,test
1913,0,train
1914,4,validation
1915,2,train
1916,3,validation
1917,0,train
1918,3,test
1919,0,train
1920,4,test
1921,0,train
1922,3,train
1923,2,validation
1924,3,train
1925,4,train
1926,3,train
1927,2,train
1928,0,train
1929,1,test
1930,0,train
1931,2,validation
1932,2,train
1933,1,train
1934,2,train
1935,3,train
1936,2,train
1937,2,train
1938,1,validation
1939,0,train
1940,2,train
1941,2,train
1942,4,validation
1943,0,test
1944,2,train
1945,4,validation
1946,1,train
1947,3,train
1948,1,test
1949,1,train
1950,3,validation
1951,2,validation
1952,0,train
1953,3,train
1954,1,train
1955,4,train
1956,1,train
1957,3,validation
1958,2,train
1959,4,train
1960,0,train
1961,2,train
1962,2,validation
1963,0,train
1964,1,train
1965,3,train
1966,4,validation
1967,4,test
1968,2,test
1969,4,train
1970,0,validation
1971,0,validation
1972,0,train
1973,2,train
1974,2,test
1975,3,validation
1976,2,train
1977,0,test
1978,2,validation
1979,3,train
1980,1,train
1981,3,train
1982,4,train
1983,1,train
1984,0,test
1985,3,train
1986,4,train
1987,2,train
1988,2,train
1989,0,train
1990,1,train
1991,4,train
1992,0,train
1993,2,train
1994,3,validation
1995,1,train
1996,3,train
1997,2,train
1998,2,train
1999,3,train
2000,3,train
2001,0,train
2002,1,train
2003,4,train
2004,2,train
2005,2,validation
2006,0,validation
2007,3,validation
2008,1,train
2009,2,train
2010,1,train
2011,0,train
2012,2,train
2013,2,test
2014,4,train
2015,4,train
2016,3,train
2017,1,test
2018,0,test
2019,4,train
2020,3,validation
2021,1,train
2022,0,train
2023,1,train
2024,3,train
2025,3,test
2026,3,train
2027,4,train
2028,0,train
2029,4,train
2030,2,train
2031,0,train
2032,3,train
2033,0,test
2034,4,train
2035,0,train
2036,4,train
2037,2,train
2038,2,train
2039,1,validation
2040,0,test
2041,3,validation
2042,4,validation
2043,0,test
2044,0,train
2045,4,validation
2046,3,test
2047,1,validation
2048,0,train
2049,0,validation
2050,3,train
2051,2,train
2052,0,validation
2053,0,test
2054,3,train
2055,3,train
2056,1,train
2057,4,test
2058,2,train
2059,0,train
2060,3,test
2061,3,validation
2062,2,train
2063,4,train
2064,0,train
2065,2,train
2066,4,train
2067,1,train
2068,3,validation
2069,2,test
2070,0,train
2071,3,test
2072,0,train
2073,2,train
2074,0,train
2075,2,train
2076,4,train
2077,0,train
2078,1,test
2079,0,train
2080,0,train
2081,0,train
2082,2,train
2083,0,test
2084,3,train
2085,1,train
2086,0,train
2087,4,train
2088,3,validation
2089,3,train
2090,3,validation
2091,0,train
2092,0,train
2093,0,test
2094,0,train
2095,4,train
2096,2,train
2097,0,train
2098,0,train
2099,0,train
2100,3,train
2101,0,train
2102,0,train
2103,3,validation
2104,2,test
2105,2,test
2106,2,validation
2107,0,train
2108,2,train
2109,1,train
2110,4,train
2111,3,validation
2112,2,train
2113,1,validation
2114,0,train
2115,1,train
2116,3,train
2117,3,test
2118,2,train
2119,1,train
2120,3,train
2121,0,train
2122,0,train
2123,2,test
2124,1,train
2125,1,validation
2126,2,test
2127,0,train
2128,0,train
2129,0,train
2130,1,train
2131,2,train
2132,0,train
2133,2,train
2134,0,train
2135,4,train
2136,2,test
2137,2,train
2138,4,train
2139,2,train
2140,0,test
2141,2,train
2142,3,train
2143,2,validation
2144,0,train
2145,0,train
2146,4,train
2147,1,train
2148,4,train
2149,4,train
2150,4,test
2151,0,train
2152,2,train
2153,1,test
2154,0,train
2155,0,train
2156,2,train
2157,1,train
2158,2,train
2159,2,train
2160,3,test
2161,1,test
2162,1,train
2163,0,validation
2164,4,validation
2165,3,train
2166,0,train
2167,2,train
2168,2,train
2169,1,train
2170,0,train
2171,2,validation
2172,3,train
2173,2,train
2174,0,train
2175,1,train
2176,0,validation
2177,2,train
2178,2,train
2179,0,train
2180,2,train
2181,4,validation
2182,1,test
2183,4,validation
2184,2,train
2185,4,train
2186,2,train
2187,4,test
2188,2,train
2189,0,train
2190,0,test
2191,3,test
2192,0,train
2193,0,validation
2194,0,test
2195,0,train
2196,3,train
2197,2,validation
2198,2,train
2199,2,test
2200,1,train
2201,3,train
2202,4,train
2203,0,train
2204,4,test
2205,4,train
2206,2,train
2207,2,train
2208,3,train
2209,4,train
2210,2,train
2211,4,train
2212,3,train
2213,2,train
2214,0,train
2215,3,train
2216,1,train
2217,3,validation
2218,2,validation
2219,4,train
2220,2,train
2221,4,train
2222,3,train
2223,3,validation
2224,2,train
2225,1,train
2226,1,train
2227,1,train
2228,2,test
2229,3,train
2230,3,train
2231,4,train
2232,3,train
2233,3,validation
2234,2,train
2235,2,train
2236,0,test
2237,2,validation
2238,0,test
2239,3,train
2240,0,validation
2241,0,validation
2242,2,train
2243,1,train
2244,3,test
2245,2,train
2246,1,test
2247,0,validation
2248,0,validation
2249,3,test
2250,3,train
2251,0,test
2252,0,train
2253,1,test
2254,4,train
2255,3,validation
2256,0,train
2257,2,train
2258,2,train
2259,4,train
2260,2,train
2261,3,train
2262,0,train
2263,2,test
2264,1,train
2265,0,train
2266,4,train
2267,0,train
2268,3,train
2269,2,train
2270,3,train
2271,4,train
2272,2,train
2273,0,train
2274,0,validation
2275,2,train
2276,1,test
2277,1,train
2278,4,train
2279,4,train
2280,4,train
2281,0,validation
2282,3,train
2283,2,train
2284,0,train
2285,4,train
2286,1,train
2287,0,train
2288,0,test
2289,3,train
2290,4,validation
2291,2,train
2292,3,validation
2293,3,train
2294,0,train
2295,4,test
2296,0,train
2297,4,train
2298,0,train
2299,2,validation
2300,3,train
2301,4,train
2302,2,train
2303,0,train
2304,0,train
2305,2,train
2306,1,train
2307,0,train
2308,0,train
2309,1,train
2310,0,train
2311,1,train
2312,3,train
2313,2,train
2314,2,train
2315,1,train
2316,2,train
2317,1,train
2318,3,validation
2319,4,train
2320,2,train
2321,3,test
2322,0,train
2323,0,train
2324,0,train
2325,0,train
2326,4,train
2327,2,train
2328,3,train
2329,4,train
2330,4,test
2331,1,train
2332,2,train
2333,4,train
2334,0,train
2335,0,train
2336,1,train
2337,3,train
2338,4,validation
2339,3,train
2340,0,validation
2341,3,train
2342,3,train
2343,4,train
2344,2,validation
2345,3,validation
2346,1,train
2347,0,train
2348,0,train
2349,0,train
2350,3,train
2351,4,train
2352,1,train
2353,4,train
2354,3,train
2355,2,train
2356,4,train
2357,2,train
2358,0,train
2359,1,test
2360,0,train
2361,3,train
2362,2,train
2363,3,train
2364,0,train
2365,0,train
2366,2,test
2367,2,test
2368,0,validation
2369,2,train
2370,0,train
2371,1,validation
2372,3,test
2373,4,train
2374,3,train
2375,3,validation
2376,2,train
2377,0,train
2378,1,train
2379,2,test
2380,0,train
2381,0,train
2382,3,train
2383,0,train
2384,2,validation
2385,0,train
2386,0,validation
2387,3,train
2388,3,train
2389,3,train
2390,3,train
2391,1,train
2392,3,test
2393,1,train
2394,3,train
2395,2,train
2396,0,test
2397,2,validation
2398,2,train
2399,0,validation
2400,2,train
2401,1,validation
2402,4,test
2403,2,train
2404,1,validation
2405,1,train
2406,1,train
2407,0,train
2408,2,train
2409,2,train
2410,4,train
2411,3,test
2412,4,train
2413,2,train
2414,2,train
2415,3,train
2416,1,train
2417,2,test
2418,4,train
2419,4,train
2420,0,train
2421,0,test
2422,3,train
2423,4,validation
2424,1,train
2425,0,train
2426,3,train
2427,2,validation
2428,3,train
2429,0,test
2430,3,train
2431,3,validation
2432,0,train
2433,1,validation
2434,0,train
2435,4,train
2436,1,train
2437,3,train
2438,2,test
2439,4,train
2440,4,test
2441,0,train
2442,2,validation
2443,0,train
2444,2,test
2445,2,train
2446,2,validation
2447,3,test
2448,1,train
2449,0,test
2450,2,train
2451,3,train
2452,2,train
2453,0,train
2454,2,validation
2455,1,train
2456,2,train
2457,3,validation
2458,4,train
2459,0,train
2460,2,train
2461,2,train
2462,1,train
2463,2,train
2464,1,train
2465,2,train
2466,0,train
2467,1,train
2468,1,train
2469,1,validation
2470,4,train
2471,3,train
2472,0,train
2473,4,test
2474,4,test
2475,3,train
2476,3,train
2477,1,validation
2478,2,train
2479,3,test
2480,2,validation
2481,1,train
2482,3,train
2483,3,train
2484,2,train
2485,4,train
2486,4,validation
2487,3,train
2488,2,test
2489,1,train
2490,3,train
2491,0,test
2492,1,train
2493,0,train
2494,0,train
2495,0,validation
2496,4,train
2497,0,train
2498,0,train
2499,3,train
2500,4,train
2501,4,train
2502,0,train
2503,3,train
2504,4,train
2505,1,train
2506,4,test
2507,0,train
2508,1,train
2509,3,train
2510,3,train
2511,0,validation
2512,0,train
2513,0,train
2514,0,train
2515,2,train
2516,1,train
2517,3,train
2518,1,train
2519,0,train
2520,1,validation
2521,2,train
2522,3,train
2523,0,validation
2524,0,train
2525,2,train
2526,0,validation
2527,2,test
2528,0,train
2529,4,validation
2530,1,validation
2531,1,train
2532,0,test
2533,0,test
2534,4,train
2535,0,train
2536,2,validation
2537,1,validation
2538,3,train
2539,0,train
2540,3,validation
2541,1,train
2542,0,validation
2543,0,test
2544,2,train
2545,4,train
2546,0,validation
2547,0,test
2548,0,validation
2549,4,train
2550,2,train
2551,1,train
2552,2,train
2553,2,validation
2554,1,validation
2555,2,train
2556,1,train
2557,2,train
2558,0,train
2559,2,train
2560,4,train
2561,3,train
2562,1,train
2563,0,train
2564,0,train
2565,1,train
2566,0,train
2567,3,test
2568,4,test
2569,2,train
2570,0,validation
2571,2,train
2572,4,test
2573,4,train
2574,3,train
2575,0,train
2576,2,test
2577,2,train
2578,1,train
2579,1,train
2580,4,train
2581,1,train
2582,0,train
2583,0,train
2584,2,validation
2585,2,test
2586,1,train
2587,1,train
2588,4,validation
2589,3,train
2590,3,validation
2591,2,validation
2592,0,train
2593,4,train
2594,4,train
2595,4,train
2596,4,validation
2597,4,train
2598,2,train
2599,4,test
2600,4,train
2601,3,train
2602,1,train
2603,3,train
2604,3,validation
2605,3,train
2606,1,test
2607,1,validation
2608,0,train
2609,0,train
2610,3,test
2611,0,test
2612,1,validation
2613,1,train
2614,2,train
2615,2,train
2616,0,train
2617,3,test
2618,0,test
2619,0,validation
2620,4,validation
2621,2,train
2622,0,train
2623,2,train
2624,4,validation
2625,4,train
2626,2,train
2627,0,train
2628,4,train
2629,3,train
2630,2,train
2631,3,train
2632,1,validation
2633,4,test
2634,1,train
2635,2,test
2636,1,test
2637,0,train
2638,3,test
2639,1,train
2640,4,train
2641,1,test
2642,2,train
2643,0,train
2644,3,train
2645,2,train
2646,4,test
2647,1,train
2648,2,train
2649,3,test
2650,2,test
2651,1,train
2652,2,train
2653,4,validation
2654,1,validation
2655,2,test
2656,0,train
2657,3,train
2658,0,train
2659,2,validation
2660,2,train
2661,2,validation
2662,3,train
2663,2,train
2664,3,train
2665,0,test
2666,3,validation
2667,0,train
2668,0,train
2669,1,train
2670,4,train
2671,2,validation
2672,2,train
2673,1,test
2674,4,train
2675,2,validation
2676,4,train
2677,0,validation
2678,1,train
2679,2,train
2680,4,train
2681,3,train
2682,4,train
2683,0,validation
2684,0,test
2685,3,test
2686,4,train
2687,3,train
2688,0,train
2689,4,train
2690,4,train
2691,1,train
2692,2,train
2693,1,train
2694,3,train
2695,3,train
2696,2,train
2697,1,test
2698,1,train
2699,2,train
2700,2,train
2701,0,train
2702,0,train
2703,1,train
2704,4,validation
2705,4,train
2706,0,train
2707,2,train
2708,4,validation
2709,0,test
2710,2,train
2711,1,train
2712,3,train
2713,0,train
2714,3,test
2715,2,train
2716,4,train
2717,3,train
2718,3,train
2719,0,validation
2720,4,test
2721,0,train
2722,4,train
2723,0,train
2724,0,validation
2725,0,train
2726,2,validation
2727,0,train
2728,2,train
2729,2,validation
2730,0,train
2731,0,validation
2732,1,train
2733,2,test
2734,0,train
2735,1,train
2736,1,train
2737,2,train
2738,4,train
2739,3,train
2740,1,validation
2741,1,train
2742,2,train
2743,2,train
2744,2,train
2745,0,validation
2746,0,train
2747,2,validation
2748,3,train
2749,0,train
2750,4,train
2751,2,train
2752,4,train
2753,3,train
2754,3,train
2755,0,train
2756,3,validation
2757,2,train
2758,4,train
2759,3,train
2760,2,train
2761,4,train
2762,4,test
2763,0,train
2764,0,train
2765,3,validation
2766,1,train
2767,0,test
2768,2,train
2769,1,train
2770,4,test
2771,4,validation
2772,2,train
2773,2,train
2774,2,test
2775,2,train
2776,2,train
2777,4,train
2778,0,test
2779,0,test
2780,3,validation
2781,2,train
2782,0,validation
2783,3,train
2784,1,train
2785,3,test
2786,0,validation
2787,2,train
2788,3,validation
2789,0,train
2790,3,train
2791,0,test
2792,4,test
2793,4,train
2794,1,train
2795,0,validation
2796,1,train
2797,0,train
2798,2,test
2799,4,validation
2800,0,train
2801,0,validation
2802,1,train
2803,0,train
2804,3,train
2805,0,train
2806,0,train
2807,2,train
2808,3,test
2809,0,train
2810,0,train
2811,2,train
2812,2,train
2813,3,validation
2814,3,test
2815,2,train
2816,2,train
2817,4,train
2818,3,train
2819,3,train
2820,3,train
2821,2,train
2822,3,validation
2823,0,train
2824,2,train
2825,2,validation
2826,3,validation
2827,4,train
2828,3,train
2829,0,train
2830,3,train
2831,2,train
2832,2,train
2833,0,train
2834,4,train
2835,2,train
2836,2,test
2837,1,train
2838,0,train
2839,2,test
2840,2,train
2841,1,validation
2842,3,test
2843,1,train
2844,4,train
2845,1,validation
2846,4,train
2847,3,validation
2848,1,train
2849,3,train
2850,4,validation
2851,3,train
2852,2,train
2853,2,train
2854,1,train
2855,0,train
2856,3,test
2857,0,validation
2858,0,train
2859,1,train
2860,4,train
2861,2,train
2862,0,train
2863,2,train
2864,0,train
2865,4,train
2866,2,train
2867,1,train
2868,0,train
2869,4,train
2870,4,test
2871,1,train
2872,1,train
2873,0,validation
2874,0,validation
2875,4,test
2876,1,train
2877,1,test
2878,4,test
2879,4,train
2880,1,train
2881,4,train
2882,3,train
2883,0,validation
2884,2,validation
2885,0,validation
2886,2,train
2887,4,train
2888,1,train
2889,2,train
2890,1,train
2891,0,train
2892,4,train
2893,3,train
2894,0,test
2895,4,train
2896,2,validation
2897,1,validation
2898,1,train
2899,2,validation
2900,2,train
2901,0,train
2902,2,train
2903,3,test
2904,4,train
2905,0,validation
2906,4,test
2907,0,train
2908,1,train
2909,1,test
2910,3,train
2911,2,validation
2912,3,train
2913,4,train
2914,3,test
2915,0,validation
2916,0,train
2917,2,train
2918,1,train
2919,0,train
2920,1,test
2921,0,test
2922,4,train
2923,3,train
2924,0,train
2925,1,train
2926,1,train
2927,2,train
2928,2,train
2929,1,train
2930,1,train
2931,0,validation
2932,3,train
2933,1,train
2934,0,validation
2935,2,train
2936,1,train
2937,4,train
2938,4,test
2939,0,train
2940,4,train
2941,0,train
2942,0,train
2943,2,train
2944,1,validation
2945,1,train
2946,1,train
2947,1,train
2948,4,validation
2949,4,validation
2950,3,train
2951,0,train
2952,3,train
2953,0,train
2954,0,train
2955,3,train
2956,4,train
2957,2,train
2958,0,train
2959,3,validation
2960,0,validation
2961,0,validation
2962,2,test
2963,1,train
2964,3,train
2965,0,train
2966,0,train
2967,0,validation
2968,3,test
2969,4,train
2970,0,train
2971,3,train
2972,2,train
2973,0,train
2974,2,train
2975,4,train
2976,4,train
2977,1,train
2978,3,train
2979,3,train
2980,0,train
2981,0,validation
2982,0,train
2983,3,train
2984,2,validation
2985,0,train
2986,4,train
2987,1,test
2988,3,train
2989,1,train
2990,0,validation
2991,4,validation
2992,2,validation
2993,0,validation
2994,2,train
2995,0,validation
2996,1,train
2997,3,test
2998,1,test
2999,4,validation
3000,4,train
3001,3,train
3002,0,train
3003,4,train
3004,4,train
3005,4,validation
3006,2,train
3007,1,test
3008,3,train
3009,1,train
3010,3,train
3011,2,train
3012,0,train
3013,1,train
3014,1,test
3015,3,test
3016,2,train
3017,1,train
3018,0,validation
3019,3,train
3020,0,train
3021,4,train
3022,3,train
3023,0,validation
3024,4,train
3025,0,train
3026,1,validation
3027,3,train
3028,4,train
3029,3,train
3030,3,train
3031,4,validation
3032,1,test
3033,1,test
3034,0,test
3035,0,train
3036,4,train
3037,2,train
3038,4,train
3039,0,validation
3040,3,test
3041,0,train
3042,2,train
3043,2,test
3044,1,train
3045,1,test
3046,1,train
3047,3,train
3048,2,train
3049,0,test
3050,1,validation
3051,4,train
3052,4,test
3053,3,test
3054,2,validation
3055,3,train
3056,4,train
3057,1,test
3058,1,train
3059,2,test
3060,4,train
3061,2,train
3062,1,validation
3063,2,validation
3064,4,train
3065,3,validation
3066,3,train
3067,1,validation
3068,0,train
3069,1,validation
3070,3,train
3071,2,train
3072,1,test
3073,3,train
3074,4,train
3075,4,train
3076,4,validation
3077,0,train
3078,0,train
3079,0,test
3080,2,train
3081,0,validation
3082,0,train
3083,2,test
3084,3,validation
3085,1,train
3086,2,validation
3087,3,train
3088,3,test
3089,3,test
3090,2,validation
3091,2,train
3092,4,train
3093,2,train
3094,0,validation
3095,3,train
3096,1,train
3097,2,train
3098,4,train
3099,0,train
3100,4,train
3101,4,train
3102,1,train
3103,4,train
3104,2,test
3105,4,test
3106,3,train
3107,0,train
3108,3,train
3109,3,test
3110,2,train
3111,4,test
3112,1,train
3113,1,test
3114,1,test
3115,0,train
3116,0,test
3117,1,train
3118,1,train
3119,1,train
3120,0,train
3121,3,train
3122,2,train
3123,2,train
3124,4,train
3125,1,train
3126,2,train
3127,0,test
3128,1,validation
3129,1,train
3130,3,test
3131,3,train
3132,3,train
3133,3,train
3134,4,test
3135,4,train
3136,0,train
3137,4,train
3138,0,validation
3139,3,validation
3140,3,train
3141,4,train
3142,4,train
3143,0,train
3144,0,train
3145,0,train
3146,4,validation
3147,0,test
3148,4,train
3149,1,train
3150,3,train
3151,2,train
3152,3,validation
3153,2,train
3154,4,test
3155,4,validation
3156,2,test
3157,0,test
3158,3,train
3159,4,train
3160,2,train
3161,1,train
3162,2,train
3163,4,validation
3164,2,train
3165,1,train
3166,4,train
3167,0,train
3168,4,train
3169,1,train
3170,1,train
3171,0,test
3172,1,train
3173,4,train
3174,2,train
3175,3,train
3176,3,train
3177,1,train
3178,1,train
3179,0,validation
3180,1,train
3181,4,train
3182,0,train
3183,2,test
3184,4,train
3185,0,train
3186,1,validation
3187,2,train
3188,2,train
3189,1,validation
3190,4,validation
3191,2,train
3192,2,test
3193,2,test
3194,3,test
3195,0,train
3196,3,test
3197,3,train
3198,0,train
3199,4,test
3200,4,train
3201,3,train
3202,1,train
3203,1,train
3204,3,test
3205,3,train
3206,1,test
3207,1,validation
3208,1,train
3209,0,train
3210,3,train
3211,4,train
3212,1,test
3213,1,test
3214,1,train
3215,1,train
3216,4,validation
3217,1,validation
3218,3,test
3219,3,train
3220,2,train
3221,1,train
3222,2,test
3223,4,train
3224,3,test
3225,1,train
3226,3,test
3227,2,train
3228,1,train
3229,4,train
3230,3,validation
3231,0,train
3232,4,train
3233,4,train
3234,2,validation
3235,4,validation
3236,1,train
3237,1,validation
3238,4,train
3239,4,train
3240,2,test
3241,0,train
3242,0,test
3243,2,train
3244,1,test
3245,0,validation
3246,0,train
3247,0,validation
3248,3,train
3249,2,train
3250,2,validation
3251,4,train
3252,4,test
3253,0,train
3254,0,train
3255,3,train
3256,2,train
3257,3,train
3258,4,train
3259,4,test
3260,2,test
3261,4,validation
3262,4,validation
3263,1,train
3264,2,train
3265,0,test
3266,3,validation
3267,0,train
3268,2,test
3269,4,validation
3270,1,train
3271,3,train
3272,1,train
3273,4,test
3274,1,train
3275,1,train
3276,0,train
3277,2,train
3278,3,validation
3279,4,validation
3280,1,train
3281,3,test
3282,4,train
3283,2,train
3284,3,train
3285,1,train
3286,0,train
3287,4,train
3288,4,train
3289,4,train
3290,4,test
3291,2,train
3292,4,validation
3293,1,train
3294,0,train
3295,3,train
3296,0,train
3297,4,validation
3298,0,train
3299,2,train
3300,2,train
3301,4,train
3302,4,train
3303,1,test
3304,2,train
3305,4,train
3306,2,train
3307,4,train
3308,0,validation
3309,0,train
3310,0,validation
3311,0,validation
3312,2,train
3313,4,train
3314,3,validation
3315,2,train
3316,4,validation
3317,4,validation
3318,1,validation
3319,3,train
3320,3,train
3321,2,train
3322,1,train
3323,0,train
3324,0,validation
3325,2,train
3326,2,train
3327,2,train
3328,2,train
3329,1,train
3330,3,train
3331,0,train
3332,1,train
3333,1,validation
3334,2,train
3335,0,train
3336,1,test
3337,3,validation
3338,2,test
3339,2,train
3340,0,train
3341,4,test
3342,0,train
3343,4,test
3344,4,test
3345,1,train
3346,0,train
3347,0,train
3348,1,train
3349,0,train
3350,2,train
3351,2,test
3352,0,train
3353,2,train
3354,3,validation
3355,1,train
3356,0,validation
3357,2,test
3358,2,train
3359,4,validation
3360,3,train
3361,2,test
3362,4,validation
3363,3,train
3364,0,train
3365,0,test
3366,4,test
3367,3,train
3368,1,train
3369,0,train
3370,1,train
3371,2,train
3372,4,train
3373,3,test
3374,1,test
3375,0,train
3376,3,train
3377,3,train
3378,3,train
3379,4,validation
3380,1,validation
3381,0,train
3382,2,validation
3383,3,train
3384,2,test
3385,3,train
3386,3,validation
3387,4,train
3388,4,train
3389,2,validation
3390,0,train
3391,0,train
3392,0,validation
3393,3,validation
3394,4,train
3395,1,test
3396,3,train
3397,2,validation
3398,0,train
3399,2,validation
3400,3,train
3401,1,validation
3402,4,test
3403,2,train
3404,0,train
3405,0,test
3406,3,train
3407,4,train
3408,1,train
3409,2,validation
3410,0,train
3411,2,train
3412,4,train
3413,3,train
3414,3,train
3415,1,train
3416,1,validation
3417,3,train
3418,2,train
3419,1,train
3420,2,train
3421,3,validation
3422,3,test
3423,1,train
3424,4,train
3425,3,train
3426,1,train
3427,2,train
3428,4,train
3429,2,train
3430,4,train
3431,0,train
3432,2,train
3433,2,train
3434,1,train
3435,4,train
3436,2,test
3437,1,validation
3438,3,train
3439,0,train
3440,3,train
3441,1,test
3442,4,train
3443,4,test
3444,0,test
3445,1,train
3446,2,train
3447,0,train
3448,4,train
3449,0,train
3450,3,train
3451,2,train
3452,0,validation
3453,0,train
3454,3,validation
3455,1,validation
3456,4,test
3457,3,test
3458,3,train
3459,0,train
3460,3,train
3461,1,train
3462,4,train
3463,0,train
3464,1,train
3465,1,train
3466,2,train
3467,2,train
3468,3,train
3469,0,train
3470,3,test
3471,1,validation
3472,1,train
3473,4,test
3474,0,validation
3475,4,train
3476,3,test
3477,2,validation
3478,1,train
3479,1,train
3480,0,train
3481,4,train
3482,0,train
3483,3,train
3484,0,train
3485,0,validation
3486,1,validation
3487,4,train
3488,1,train
3489,3,train
3490,1,train
3491,4,train
3492,0,test
3493,1,test
3494,2,train
3495,4,train
3496,2,test
3497,0,train
3498,0,train
3499,0,validation
3500,1,validation
3501,0,validation
3502,0,train
3503,3,train
3504,2,test
3505,1,validation
3506,0,train
3507,2,test
3508,4,test
3509,2,train
3510,2,train
3511,3,validation
3512,0,train
3513,3,train
3514,1,train
3515,3,train
3516,2,train
3517,3,train
3518,1,validation
3519,4,train
3520,2,train
3521,1,test
3522,4,train
3523,0,train
3524,0,train
3525,3,train
3526,3,validation
3527,2,validation
3528,2,train
3529,0,train
3530,0,train
3531,2,train
3532,1,test
3533,4,train
3534,1,validation
3535,4,train
3536,3,train
3537,3,test
3538,1,test
3539,1,train
3540,0,train
3541,0,test
3542,1,train
3543,3,validation
3544,0,test
3545,1,validation
3546,2,train
3547,2,train
3548,4,train
3549,2,train
3550,3,train
3551,0,train
3552,3,train
3553,3,train
3554,3,test
3555,3,train
3556,1,train
3557,2,train
3558,1,train
3559,2,train
3560,1,train
3561,0,train
3562,4,train
3563,3,validation
3564,0,test
3565,0,train
3566,3,validation
3567,2,train
3568,2,validation
3569,1,validation
3570,4,train
3571,2,train
3572,2,train
3573,4,train
3574,1,validation
3575,3,validation
3576,2,test
3577,2,validation
3578,3,train
3579,0,train
3580,4,test
3581,4,train
3582,2,test
3583,2,validation
3584,2,train
3585,1,test
3586,3,validation
3587,0,train
3588,1,validation
3589,2,train
3590,0,test
3591,3,train
3592,3,train
3593,3,test
3594,0,test
3595,3,test
3596,0,train
3597,1,train
3598,0,train
3599,2,validation
3600,2,test
3601,3,train
3602,4,train
3603,2,train
3604,0,train
3605,0,train
3606,1,train
3607,2,train
3608,2,validation
3609,4,train
3610,2,train
3611,2,train
3612,3,validation
3613,2,train
3614,3,train
3615,3,validation
3616,1,validation
3617,4,train
3618,0,train
3619,3,train
3620,3,train
3621,3,train
3622,3,train
3623,2,train
3624,3,validation
3625,2,train
3626,3,test
3627,2,train
3628,0,validation
3629,4,train
3630,4,train
3631,3,train
3632,2,train
3633,3,validation
3634,4,train
3635,2,validation
3636,1,train
3637,0,train
3638,0,train
3639,3,train
3640,4,validation
3641,0,train
3642,3,train
3643,0,train
3644,1,train
3645,2,train
3646,0,test
3647,1,train
3648,2,test
3649,1,train
3650,2,train
3651,3,train
3652,0,train
3653,2,train
3654,1,test
3655,4,validation
3656,0,train
3657,2,validation
3658,0,train
3659,0,test
3660,3,test
3661,0,train
3662,3,train
3663,0,train
3664,3,test
3665,1,validation
3666,4,train
3667,2,train
3668,0,train
3669,3,train
