index,real,predicha,clase_real,clase_predicha,confianza,p_dandelion,p_daisy,p_tulips,p_sunflowers,p_roses
3,4,4,roses,roses,0.6197018,9.724279e-09,4.95456e-07,0.00016966174,0.380128,0.6197018
14,2,2,tulips,tulips,0.691912,0.00040540652,0.30750433,0.691912,0.00016086266,1.7463219e-05
16,1,1,daisy,daisy,0.9999993,3.8416536e-07,0.9999993,3.71124e-08,3.082302e-07,3.0127972e-10
25,1,1,daisy,daisy,0.9998561,1.8390526e-07,0.9998561,4.3657857e-07,0.0001432453,5.184892e-08
30,2,2,tulips,tulips,1.0,6.751005e-14,1.2706225e-09,1.0,1.554545e-08,1.6331866e-09
31,3,3,sunflowers,sunflowers,1.0,5.7297934e-12,6.346539e-12,7.9001535e-13,1.0,7.7107976e-15
39,2,2,tulips,tulips,0.56722736,8.254576e-08,2.42272e-06,0.56722736,4.6585054e-08,0.43277007
45,1,1,daisy,daisy,0.99670595,0.001992431,0.99670595,0.00016521542,0.0010756624,6.0704573e-05
47,1,1,daisy,daisy,0.9999989,3.2763028e-10,0.9999989,6.5366434e-10,1.0674178e-06,1.6842378e-12
48,3,3,sunflowers,sunflowers,1.0,6.26986e-12,7.197533e-10,4.9122395e-19,1.0,2.4305134e-17
54,3,3,sunflowers,sunflowers,0.9934186,0.0003762344,0.004667649,0.0015093617,0.9934186,2.8314476e-05
59,4,4,roses,roses,0.99999964,2.1828279e-13,3.715712e-11,4.0358535e-07,3.431266e-14,0.99999964
63,2,2,tulips,tulips,1.0,1.3104656e-14,2.7095702e-11,1.0,5.5205267e-11,9.855145e-09
65,0,0,dandelion,dandelion,1.0,1.0,1.5570737e-11,2.4489501e-17,7.629656e-09,1.07333e-16
66,1,1,daisy,daisy,0.9999989,7.937748e-07,0.9999989,9.00312e-12,2.794163e-07,7.2992946e-13
68,0,0,dandelion,dandelion,1.0,1.0,4.0419074e-12,1.8740805e-12,1.798866e-11,7.448077e-18
77,3,3,sunflowers,sunflowers,0.9994134,9.974506e-11,3.1896317e-07,0.00033601053,0.9994134,0.00025035124
90,3,3,sunflowers,sunflowers,0.9999795,2.0408304e-05,3.5505206e-11,6.93045e-08,0.9999795,1.3458904e-09
119,0,0,dandelion,dandelion,0.9971476,0.9971476,0.0026065514,0.0002435462,1.2199899e-06,1.1042458e-06
125,2,2,tulips,tulips,0.8274934,0.051762156,0.010325685,0.8274934,0.107749335,0.0026694178
126,1,1,daisy,daisy,1.0,1.4085573e-18,1.0,3.558867e-25,1.5592698e-15,5.6571234e-27
131,1,1,daisy,daisy,1.0,1.237513e-16,1.0,5.126175e-18,1.8203672e-13,2.263892e-22
132,2,2,tulips,tulips,0.99924755,8.944144e-07,2.8153647e-08,0.99924755,0.000723645,2.78857e-05
137,3,3,sunflowers,sunflowers,0.99760866,0.00028129117,7.154822e-07,0.0021057029,0.99760866,3.6358965e-06
148,4,4,roses,roses,0.99272233,2.2278123e-12,1.1880122e-05,0.007265814,1.29723845e-11,0.99272233
156,0,3,dandelion,sunflowers,0.3593486,0.009326733,0.3306866,0.12341102,0.3593486,0.1772271
160,0,0,dandelion,dandelion,0.792369,0.792369,0.20268779,6.486466e-05,0.004416646,0.00046158212
161,0,0,dandelion,dandelion,0.9986266,0.9986266,7.927059e-05,4.4744575e-06,0.00023266682,0.0010570537
162,4,4,roses,roses,1.0,2.3170155e-20,6.9190876e-23,2.0556274e-15,5.5331355e-22,1.0
169,2,4,tulips,roses,0.5940251,2.5605869e-09,2.665036e-05,0.2602221,0.14572622,0.5940251
173,3,3,sunflowers,sunflowers,0.9950906,9.38214e-06,0.0049,2.3799702e-11,0.9950906,1.1324316e-13
177,2,2,tulips,tulips,0.9979709,2.2803167e-11,4.119441e-09,0.9979709,1.1836599e-12,0.0020290774
181,3,3,sunflowers,sunflowers,0.9485116,1.5673696e-06,0.051483907,1.696468e-07,0.9485116,2.7339347e-06
200,4,4,roses,roses,1.0,6.3414576e-19,6.717525e-16,3.9206512e-13,1.6774363e-20,1.0
205,0,0,dandelion,dandelion,0.99998415,0.99998415,1.262594e-05,3.8002355e-08,3.1244776e-06,5.663358e-09
237,1,1,daisy,daisy,1.0,1.2026804e-12,1.0,5.8790975e-17,4.734344e-09,2.471909e-16
240,1,1,daisy,daisy,0.99960095,0.0003347584,0.99960095,6.0154285e-05,4.24963e-06,5.428726e-09
247,4,2,roses,tulips,0.7469013,8.354961e-09,6.323525e-07,0.7469013,1.6090746e-06,0.25309655
249,0,0,dandelion,dandelion,1.0,1.0,1.3253315e-10,1.12116195e-13,5.040264e-11,2.2854717e-15
250,1,1,daisy,daisy,1.0,5.986998e-09,1.0,2.5469521e-17,2.6213852e-08,1.3746283e-16
261,4,4,roses,roses,0.9992176,1.5780081e-10,2.2667348e-06,0.00078007916,9.432518e-11,0.9992176
263,3,3,sunflowers,sunflowers,1.0,3.0220484e-21,1.5528213e-18,9.787814e-25,1.0,1.31913985e-33
268,0,1,dandelion,daisy,0.9990085,0.00070258696,0.9990085,3.0594925e-05,0.00025826893,2.8386667e-08
279,3,3,sunflowers,sunflowers,0.99986756,1.8896111e-07,1.039294e-06,0.00010288733,0.99986756,2.8379765e-05
281,2,2,tulips,tulips,0.87271905,8.582554e-08,4.4309545e-06,0.87271905,0.0065934584,0.12068299
291,0,0,dandelion,dandelion,0.9255117,0.9255117,0.00033954982,0.019815298,0.0391539,0.015179468
349,2,2,tulips,tulips,0.619333,0.15170541,0.007276969,0.619333,0.16311932,0.058565333
354,4,4,roses,roses,0.9926939,1.7955631e-07,0.00090249063,0.006403369,5.9687486e-09,0.9926939
361,0,0,dandelion,dandelion,1.0,1.0,1.3175426e-15,3.1170914e-18,4.273288e-14,2.4358027e-18
363,4,4,roses,roses,1.0,3.045743e-26,9.330542e-27,8.570114e-15,1.5006099e-24,1.0
380,4,4,roses,roses,0.9954684,6.013308e-12,4.3585573e-05,0.0044879843,3.658248e-09,0.9954684
382,3,3,sunflowers,sunflowers,0.9979359,1.0313634e-07,0.0020640139,5.0913374e-10,0.9979359,3.8382866e-10
386,0,0,dandelion,dandelion,1.0,1.0,5.519206e-20,4.1623151e-22,1.3089517e-14,5.0982526e-24
388,3,3,sunflowers,sunflowers,0.99992704,1.0446391e-05,1.0339147e-06,6.151424e-05,0.99992704,5.6316567e-13
399,0,0,dandelion,dandelion,0.9999815,0.9999815,1.8421393e-05,5.020791e-14,6.303168e-10,3.1418065e-13
408,3,3,sunflowers,sunflowers,0.8784151,3.7630987e-06,5.337819e-07,0.11234332,0.8784151,0.009237199
419,2,2,tulips,tulips,0.9999716,4.36996e-07,8.5772035e-06,0.9999716,5.1010097e-06,1.4127008e-05
420,2,2,tulips,tulips,1.0,2.0167124e-09,8.094199e-09,1.0,5.9502385e-09,4.9282495e-08
424,4,4,roses,roses,0.99309206,3.0318154e-06,3.0242281e-05,0.001254538,0.0056200903,0.99309206
448,1,1,daisy,daisy,0.99999964,1.3849704e-07,0.99999964,9.280788e-12,2.559016e-07,5.0469646e-12
456,3,3,sunflowers,sunflowers,1.0,6.2925483e-09,2.0628374e-16,1.0775487e-21,1.0,2.8274336e-19
474,4,4,roses,roses,0.9999999,7.9148854e-10,9.623637e-09,1.1357993e-07,2.0884028e-13,0.9999999
489,0,0,dandelion,dandelion,0.99921274,0.99921274,0.00075902836,4.1386102e-07,2.780276e-05,4.0735088e-08
490,4,4,roses,roses,0.8414503,2.787006e-10,9.5288145e-11,0.15854971,8.98014e-14,0.8414503
494,0,4,dandelion,roses,0.74484086,0.22986509,0.014432859,0.0020470244,0.008814102,0.74484086
495,4,1,roses,daisy,0.5469532,0.012585422,0.5469532,0.09864988,7.282488e-05,0.34173867
497,0,1,dandelion,daisy,0.48909494,0.42459014,0.48909494,0.085005164,0.0008657463,0.00044400626
505,4,4,roses,roses,0.9920534,1.5678455e-13,4.28139e-10,0.007946643,2.4232073e-11,0.9920534
510,0,0,dandelion,dandelion,1.0,1.0,4.962879e-11,3.055839e-11,5.3895673e-12,1.05452275e-13
512,1,1,daisy,daisy,0.99971944,5.3851096e-07,0.99971944,2.159136e-08,0.0002799798,2.6103717e-09
520,0,0,dandelion,dandelion,0.9194819,0.9194819,5.988154e-05,0.08037779,4.341701e-05,3.7054393e-05
527,2,2,tulips,tulips,0.99999964,2.5628512e-14,8.176836e-14,0.99999964,7.548919e-14,3.1679286e-07
532,0,0,dandelion,dandelion,0.9999982,0.9999982,2.463844e-10,1.4223656e-12,1.7769369e-06,1.052712e-17
543,3,3,sunflowers,sunflowers,0.9998411,3.9769535e-10,0.0001588472,5.897941e-13,0.9998411,7.536132e-13
550,2,2,tulips,tulips,0.32769716,0.31228545,0.18971866,0.32769716,6.2197637e-06,0.17029254
566,3,3,sunflowers,sunflowers,1.0,7.305135e-10,9.354466e-10,5.310037e-09,1.0,6.1586285e-11
567,1,1,daisy,daisy,0.9874873,0.01248546,0.9874873,2.6150292e-05,2.9757413e-07,7.534986e-07
570,0,0,dandelion,dandelion,1.0,1.0,4.3136334e-15,1.3330133e-21,5.4175304e-15,2.4099019e-21
582,0,0,dandelion,dandelion,0.999977,0.999977,1.2230806e-06,1.5219591e-05,6.3249445e-06,2.7805055e-07
583,0,3,dandelion,sunflowers,0.7507249,0.24099173,0.0075948904,0.0006694112,0.7507249,1.8989627e-05
589,0,0,dandelion,dandelion,1.0,1.0,1.6559568e-08,2.385384e-11,4.718446e-11,1.2868703e-10
599,1,1,daisy,daisy,1.0,1.7525276e-13,1.0,3.5099937e-17,2.1743023e-09,5.677409e-17
604,2,2,tulips,tulips,0.99985254,3.5304557e-10,8.707616e-10,0.99985254,4.8525e-11,0.00014743964
605,3,0,sunflowers,dandelion,0.5237282,0.5237282,2.0672082e-05,0.00013281792,0.47611699,1.3006069e-06
606,3,3,sunflowers,sunflowers,0.96166503,0.0006157382,0.037718706,4.5900012e-07,0.96166503,2.4217602e-08
622,2,2,tulips,tulips,0.9999993,2.6790613e-07,4.6454673e-07,0.9999993,2.6000114e-08,1.0683963e-09
626,3,3,sunflowers,sunflowers,0.9999645,1.3902803e-10,4.7119497e-06,1.1842298e-08,0.9999645,3.0764422e-05
627,4,4,roses,roses,0.99999964,3.580091e-19,3.5634155e-18,3.1027173e-07,5.40648e-16,0.99999964
634,0,0,dandelion,dandelion,0.99997437,0.99997437,1.9903682e-05,4.8963375e-06,6.5019503e-07,6.4390186e-08
635,0,0,dandelion,dandelion,1.0,1.0,4.0129869e-19,2.1744492e-15,1.2060377e-14,2.9822227e-18
644,0,0,dandelion,dandelion,0.88556534,0.88556534,0.07325205,0.041105468,9.7300654e-11,7.703146e-05
651,0,0,dandelion,dandelion,0.99940586,0.99940586,0.00046217957,0.00012029363,5.22298e-06,6.487074e-06
670,3,3,sunflowers,sunflowers,0.9925021,7.1009896e-07,3.149327e-05,0.0058274115,0.9925021,0.0016382588
671,4,4,roses,roses,0.70803994,2.3740282e-07,1.2359492e-05,0.2916793,0.0002681033,0.70803994
689,2,2,tulips,tulips,1.0,4.913784e-16,3.4153097e-14,1.0,1.2701881e-10,9.78289e-13
693,0,0,dandelion,dandelion,0.99973947,0.99973947,0.00024160571,7.28892e-06,1.1319378e-05,4.0592496e-07
694,4,2,roses,tulips,0.63044906,6.936811e-05,0.0056100604,0.63044906,1.1315643e-05,0.3638602
697,2,2,tulips,tulips,0.99985707,1.0314519e-12,2.0433855e-10,0.99985707,5.441673e-05,8.844407e-05
705,0,2,dandelion,tulips,0.8350247,0.003018981,0.00014643947,0.8350247,0.11760996,0.04419983
710,1,1,daisy,daisy,0.9887094,0.011290305,0.9887094,6.195615e-13,3.1057044e-07,2.9942513e-12
711,0,0,dandelion,dandelion,0.99999547,0.99999547,2.7230986e-09,2.104372e-09,4.046693e-09,4.57831e-06
723,0,0,dandelion,dandelion,1.0,1.0,1.3142739e-16,3.6259732e-14,8.881915e-15,2.870987e-17
726,4,4,roses,roses,0.88612616,2.8257185e-07,0.00032199387,0.11355152,2.9123303e-08,0.88612616
738,0,0,dandelion,dandelion,0.99999785,0.99999785,1.7344514e-06,4.608725e-09,3.03401e-07,5.074933e-11
746,0,0,dandelion,dandelion,1.0,1.0,5.180553e-13,6.123503e-14,4.368402e-12,7.250559e-16
748,4,2,roses,tulips,0.91679007,2.37607e-06,0.00023897552,0.91679007,0.081222124,0.0017464968
752,0,0,dandelion,dandelion,1.0,1.0,8.296211e-15,6.6764865e-19,4.766856e-16,1.4338906e-19
758,1,1,daisy,daisy,1.0,1.4175135e-10,1.0,8.0322717e-19,4.4706144e-12,1.6172622e-17
763,0,0,dandelion,dandelion,0.99999976,0.99999976,2.5122552e-07,1.02028205e-10,1.9153207e-11,1.14194475e-14
765,4,4,roses,roses,1.0,1.0913529e-14,2.7517422e-14,3.1043017e-09,1.7225745e-14,1.0
768,0,0,dandelion,dandelion,0.99991477,0.99991477,8.455055e-07,1.05216695e-05,7.0744216e-05,3.043418e-06
776,2,4,tulips,roses,0.5032683,0.0017024964,3.157765e-11,0.49481514,0.00021409297,0.5032683
787,2,2,tulips,tulips,0.99906915,1.1813813e-08,1.05868295e-07,0.99906915,0.0005471223,0.00038367286
788,0,3,dandelion,sunflowers,0.8789852,0.01442296,0.102495186,0.0017687135,0.8789852,0.002327833
800,3,3,sunflowers,sunflowers,0.9453214,1.18983285e-08,2.8414646e-11,0.05467783,0.9453214,8.121852e-07
803,4,4,roses,roses,0.999483,1.077077e-15,9.335827e-12,0.00051697425,1.0202008e-09,0.999483
805,0,0,dandelion,dandelion,0.9998497,0.9998497,5.5065648e-05,3.7897385e-05,5.7229787e-05,1.2020007e-07
816,2,2,tulips,tulips,0.9999747,2.2352549e-11,6.491902e-11,0.9999747,3.4944367e-08,2.5221067e-05
833,1,1,daisy,daisy,1.0,8.94728e-14,1.0,5.5469044e-18,1.3773088e-11,2.1540433e-20
835,0,0,dandelion,dandelion,0.9999999,0.9999999,6.22383e-09,1.2040442e-11,1.1879396e-07,3.1485878e-14
844,4,4,roses,roses,0.98445475,1.01307755e-07,4.0295945e-06,0.015540733,3.9529684e-07,0.98445475
845,1,3,daisy,sunflowers,0.967682,2.8212462e-11,0.032317866,1.0890886e-07,0.967682,2.1147199e-12
852,3,3,sunflowers,sunflowers,0.999969,4.875935e-06,2.5112196e-05,9.0727747e-07,0.999969,2.8111652e-08
859,4,4,roses,roses,0.7615786,1.325248e-10,4.2080228e-05,0.23837928,2.6627978e-08,0.7615786
860,3,3,sunflowers,sunflowers,0.98436457,0.000720321,7.5125405e-05,0.004740607,0.98436457,0.010099281
861,4,4,roses,roses,0.99958557,9.86577e-08,2.2239513e-07,0.0003540708,6.005036e-05,0.99958557
868,0,0,dandelion,dandelion,1.0,1.0,2.4797256e-11,8.028305e-15,1.6689699e-12,3.7483056e-16
874,1,1,daisy,daisy,0.7253752,0.06468132,0.7253752,1.3441093e-05,0.19498032,0.014949711
877,0,0,dandelion,dandelion,0.850846,0.850846,0.0093863,0.00079825183,0.13797455,0.000994909
880,1,1,daisy,daisy,0.9999982,6.4947325e-10,0.9999982,1.8141008e-09,1.7268038e-06,1.3753565e-10
890,1,1,daisy,daisy,1.0,4.6596432e-18,1.0,2.340259e-15,4.9417945e-08,6.855839e-18
897,1,1,daisy,daisy,0.9999943,5.3250556e-06,0.9999943,3.3467873e-10,3.393323e-07,8.134213e-11
913,0,0,dandelion,dandelion,0.9987832,0.9987832,0.00047896366,5.7226366e-08,0.0007377629,3.3096207e-08
915,3,3,sunflowers,sunflowers,0.9963799,0.0035397792,7.952997e-05,1.0195223e-07,0.9963799,7.151702e-07
919,1,1,daisy,daisy,0.9926479,0.00071626145,0.9926479,6.926382e-05,0.006542993,2.3690642e-05
921,4,4,roses,roses,0.99981016,2.1111612e-09,1.1162155e-08,0.00018986489,3.0591995e-08,0.99981016
927,4,4,roses,roses,0.99973804,3.521751e-07,0.00022865161,3.2902524e-05,5.8387197e-09,0.99973804
928,1,1,daisy,daisy,0.99988365,2.1961696e-07,0.99988365,9.92923e-05,1.6840353e-05,2.4003701e-09
938,2,2,tulips,tulips,0.95296067,1.3593317e-08,1.998134e-06,0.95296067,0.034933195,0.012104085
941,2,2,tulips,tulips,0.9976059,8.193593e-05,1.1968935e-05,0.9976059,4.937287e-07,0.0022996175
944,2,2,tulips,tulips,0.99980897,7.2712036e-09,2.136283e-07,0.99980897,2.3421835e-07,0.00019060523
954,3,3,sunflowers,sunflowers,0.878031,0.00032056202,0.121648416,4.420023e-08,0.878031,3.2350165e-08
959,4,2,roses,tulips,0.7789652,8.17635e-06,4.674778e-05,0.7789652,0.08157459,0.13940533
968,0,0,dandelion,dandelion,0.99999547,0.99999547,1.2484572e-06,1.040453e-09,3.285281e-06,3.1191223e-11
982,3,3,sunflowers,sunflowers,1.0,7.74868e-17,6.98359e-12,4.9794073e-18,1.0,1.0836503e-27
989,2,2,tulips,tulips,1.0,2.644691e-13,1.8248872e-12,1.0,7.0634546e-13,5.936572e-11
995,1,1,daisy,daisy,0.67831475,2.3534697e-06,0.67831475,5.0461017e-11,0.3216829,1.3129401e-13
1000,1,0,daisy,dandelion,0.9997185,0.9997185,0.00028148285,6.293333e-13,1.8719877e-09,1.0904252e-15
1001,0,0,dandelion,dandelion,0.99997926,0.99997926,1.6302964e-08,2.7988728e-08,2.0673871e-05,3.2746236e-08
1005,2,2,tulips,tulips,0.9999999,7.7484213e-11,1.1019826e-07,0.9999999,2.3860881e-08,1.4399905e-09
1014,4,4,roses,roses,0.7815372,1.7335434e-10,4.4907718e-09,0.21846281,1.7810097e-08,0.7815372
1030,2,2,tulips,tulips,1.0,1.3302166e-14,7.7639035e-13,1.0,1.4751803e-12,2.218698e-08
1033,2,2,tulips,tulips,0.99524647,1.2683365e-05,0.00037920623,0.99524647,8.565404e-08,0.004361548
1040,0,0,dandelion,dandelion,1.0,1.0,8.83764e-15,2.519556e-17,1.6712658e-13,6.715853e-18
1055,2,2,tulips,tulips,0.98286486,0.00022349031,0.000404862,0.98286486,0.005565152,0.01094159
1056,2,2,tulips,tulips,0.6949515,0.0022506907,2.6659154e-05,0.6949515,0.010703696,0.29206753
1057,1,1,daisy,daisy,1.0,2.7056586e-09,1.0,6.2054836e-12,1.4449934e-08,1.2962256e-15
1062,2,2,tulips,tulips,0.99997103,3.9329144e-11,4.192159e-11,0.99997103,5.58682e-09,2.8981305e-05
1064,2,2,tulips,tulips,0.9998894,9.92372e-07,1.182001e-09,0.9998894,1.9558975e-05,9.0163e-05
1065,2,2,tulips,tulips,0.8434396,1.8591343e-05,3.7704078e-05,0.8434396,0.0017721453,0.15473202
1074,0,0,dandelion,dandelion,0.9999987,0.9999987,1.352024e-06,1.7561617e-10,2.0353115e-10,9.905822e-10
1094,4,4,roses,roses,0.9951651,6.775839e-06,1.33097765e-05,0.0034382867,0.001376506,0.9951651
1103,2,2,tulips,tulips,0.99988186,7.570083e-12,1.312733e-13,0.99988186,2.6493605e-10,0.000118081
1111,0,0,dandelion,dandelion,0.9999695,0.9999695,8.2117356e-07,5.11364e-07,2.9114064e-05,3.1988147e-12
1117,0,0,dandelion,dandelion,0.999998,0.999998,1.9687395e-06,6.4235776e-16,2.472806e-11,9.052439e-17
1118,3,3,sunflowers,sunflowers,0.83302075,0.0006442579,0.0048828125,0.004912765,0.83302075,0.15653944
1121,0,0,dandelion,dandelion,0.99978524,0.99978524,0.00021246831,1.0176215e-06,1.0259912e-06,2.595448e-07
1127,1,1,daisy,daisy,0.9998018,1.0718231e-11,0.9998018,0.00019807386,1.5022438e-07,3.0813079e-09
1145,4,4,roses,roses,0.9982796,3.2909366e-11,1.8745738e-09,0.0017204602,1.2237094e-09,0.9982796
1158,4,4,roses,roses,0.9380974,6.9156345e-06,5.285483e-06,0.06182554,6.4766406e-05,0.9380974
1159,3,3,sunflowers,sunflowers,0.99842453,3.970096e-08,0.0015731647,3.9169148e-10,0.99842453,2.2923946e-06
1168,4,4,roses,roses,0.99999964,2.1724645e-17,6.610124e-16,3.304719e-07,9.462159e-19,0.99999964
1181,2,4,tulips,roses,0.95285654,1.845725e-12,7.408488e-10,0.047143444,2.7588337e-15,0.95285654
1196,0,0,dandelion,dandelion,1.0,1.0,3.0267205e-10,4.2495867e-14,3.4842023e-12,2.331329e-13
1199,3,3,sunflowers,sunflowers,0.9999739,1.6417516e-05,9.678219e-06,2.0530702e-11,0.9999739,9.595636e-13
1201,0,0,dandelion,dandelion,0.5874904,0.5874904,0.39903638,0.0036151865,0.009671282,0.00018678293
1204,2,2,tulips,tulips,0.58636206,0.00023629081,0.00015953311,0.58636206,7.592952e-05,0.41316617
1205,2,4,tulips,roses,0.5063389,4.493306e-06,0.0007045434,0.492952,2.2973076e-08,0.5063389
1216,3,3,sunflowers,sunflowers,1.0,4.685287e-09,6.203422e-09,1.643914e-11,1.0,1.0473395e-15
1217,4,4,roses,roses,0.9975731,3.154531e-08,5.2712375e-07,0.0024263759,7.1810646e-10,0.9975731
1219,3,3,sunflowers,sunflowers,0.8326238,0.0025161842,0.16449346,9.369263e-05,0.8326238,0.00027281654
1223,3,3,sunflowers,sunflowers,0.9999833,9.8839e-08,1.6610073e-05,6.914483e-09,0.9999833,7.2647084e-09
1225,3,3,sunflowers,sunflowers,1.0,8.954881e-13,5.798114e-10,1.1454996e-16,1.0,7.3231256e-19
1231,4,2,roses,tulips,0.8129602,3.716721e-07,8.3789075e-07,0.8129602,0.035363577,0.15167506
1233,1,1,daisy,daisy,0.9817488,0.016738234,0.9817488,5.73658e-05,0.0014379297,1.7514527e-05
1240,1,0,daisy,dandelion,0.9999887,0.9999887,9.918957e-06,1.5530394e-12,1.463585e-06,6.6140973e-13
1242,2,2,tulips,tulips,0.99993443,1.4239017e-05,3.0962874e-05,0.99993443,1.1935413e-08,2.0383266e-05
1244,3,4,sunflowers,roses,0.95786107,0.014506548,0.0070724795,0.0002161294,0.020343823,0.95786107
1249,0,0,dandelion,dandelion,1.0,1.0,4.71945e-09,3.334229e-10,5.3380234e-09,1.2258979e-09
1250,1,1,daisy,daisy,1.0,6.599881e-13,1.0,2.7157866e-13,5.8389903e-13,1.2599516e-19
1255,3,3,sunflowers,sunflowers,0.9990081,3.2495704e-05,9.254344e-08,0.0009576361,0.9990081,1.6346389e-06
1256,2,2,tulips,tulips,0.99999833,1.0583547e-07,4.1702883e-10,0.99999833,4.391132e-07,1.0393348e-06
1258,1,1,daisy,daisy,0.9995795,1.3682658e-06,0.9995795,0.00040729158,1.1715888e-05,1.9037084e-07
1267,2,2,tulips,tulips,1.0,4.3959064e-17,1.859607e-15,1.0,4.2202943e-12,2.183451e-15
1281,3,3,sunflowers,sunflowers,0.9997769,2.6442222e-09,0.00012787462,9.508202e-05,0.9997769,6.7320855e-08
1285,2,2,tulips,tulips,0.99989974,4.681769e-10,6.0744073e-06,0.99989974,1.2574797e-06,9.281045e-05
1309,4,4,roses,roses,1.0,3.8912414e-19,2.6857494e-17,1.326142e-08,8.2695145e-22,1.0
1310,4,4,roses,roses,0.99999774,1.4806633e-11,9.922556e-12,2.2147758e-06,4.1815362e-08,0.99999774
1313,1,1,daisy,daisy,0.99199355,0.006814309,0.99199355,1.5687557e-06,0.0011904842,8.728422e-08
1315,0,2,dandelion,tulips,0.50104773,0.45958778,0.0024067794,0.50104773,0.036826093,0.00013156446
1317,0,4,dandelion,roses,0.926946,0.0058353767,0.05551712,0.010740344,0.00096116064,0.926946
1322,3,3,sunflowers,sunflowers,0.99999964,1.7329686e-13,7.342535e-08,2.892881e-07,0.99999964,5.623471e-08
1323,2,2,tulips,tulips,0.7236656,2.5377236e-05,0.0029019066,0.7236656,0.00092599686,0.27248105
1325,4,4,roses,roses,0.6365023,0.021099444,0.34153968,0.00039432268,0.0004642702,0.6365023
1332,0,0,dandelion,dandelion,0.9977639,0.9977639,1.982925e-07,1.3919698e-07,0.0020179935,0.0002178425
1340,2,2,tulips,tulips,0.99796945,4.6608593e-09,1.05969434e-07,0.99796945,0.0020275644,2.8951017e-06
1354,2,2,tulips,tulips,1.0,2.5121552e-18,4.2879375e-13,1.0,2.4266272e-13,4.0887737e-15
1361,0,0,dandelion,dandelion,1.0,1.0,2.144746e-12,2.6427877e-11,1.3402758e-11,7.600761e-14
1363,3,3,sunflowers,sunflowers,0.50053614,0.18932286,0.0036239785,0.30435872,0.50053614,0.0021583026
1374,1,1,daisy,daisy,0.9999999,3.496353e-11,0.9999999,2.3537854e-09,5.749894e-08,9.81924e-11
1383,1,0,daisy,dandelion,0.94291294,0.94291294,6.219496e-05,0.037614707,0.00050690473,0.018903362
1389,3,3,sunflowers,sunflowers,1.0,9.192612e-13,1.6867624e-13,4.3276058e-17,1.0,3.1371847e-15
1399,1,1,daisy,daisy,1.0,7.250749e-17,1.0,1.2990445e-19,5.974224e-12,1.2704142e-20
1406,2,2,tulips,tulips,1.0,4.9163603e-13,8.8466523e-10,1.0,3.6625945e-08,2.3966612e-08
1416,1,1,daisy,daisy,0.9999999,8.1972246e-08,0.9999999,3.841418e-09,3.521651e-08,7.052005e-11
1420,2,2,tulips,tulips,0.99997723,8.1574507e-07,2.6545631e-08,0.99997723,1.0013192e-07,2.1765394e-05
1421,3,3,sunflowers,sunflowers,1.0,7.976481e-09,1.01556055e-10,5.0469568e-12,1.0,1.7241079e-12
1424,1,1,daisy,daisy,1.0,8.953102e-10,1.0,1.2868512e-13,1.6879769e-08,5.915562e-14
1428,4,4,roses,roses,0.99234253,1.551392e-09,2.6778825e-05,0.0076305824,2.7190685e-08,0.99234253
1433,1,1,daisy,daisy,0.99994254,2.0916581e-05,0.99994254,1.2781544e-06,3.534596e-05,5.580654e-09
1439,4,4,roses,roses,0.99986017,1.3864999e-17,1.5466872e-10,0.00013975929,1.6627495e-10,0.99986017
1447,2,2,tulips,tulips,1.0,1.0334133e-08,1.0834452e-09,1.0,4.9308296e-10,5.995977e-10
1454,2,2,tulips,tulips,0.99999094,4.7550904e-12,4.7754867e-08,0.99999094,4.4933088e-10,9.067573e-06
1471,0,0,dandelion,dandelion,1.0,1.0,2.6173772e-09,9.5061444e-14,1.8850489e-10,1.89834e-15
1474,4,4,roses,roses,0.9999999,4.7625705e-14,5.810848e-13,1.4998e-07,1.975835e-17,0.9999999
1489,3,3,sunflowers,sunflowers,0.99932826,0.00066888845,2.8509855e-06,1.5808166e-09,0.99932826,2.92069e-09
1492,0,0,dandelion,dandelion,0.55056506,0.55056506,0.29923984,0.099395126,0.00012536162,0.050674632
1495,3,3,sunflowers,sunflowers,0.61710685,0.00025421317,2.9443589e-05,0.2736443,0.61710685,0.10896516
1507,0,0,dandelion,dandelion,0.9998248,0.9998248,1.223123e-10,2.4508486e-09,0.00017520197,4.4915444e-13
1532,0,0,dandelion,dandelion,1.0,1.0,1.0375801e-09,5.043259e-13,2.4267746e-10,2.967127e-13
1539,0,0,dandelion,dandelion,0.9999999,0.9999999,1.4650073e-12,2.1202866e-10,1.06731655e-07,1.6443105e-13
1540,4,4,roses,roses,0.9999993,1.7423092e-11,6.996608e-09,6.993286e-07,4.2449134e-12,0.9999993
1543,2,2,tulips,tulips,0.99999964,2.9046615e-10,4.1061463e-11,0.99999964,1.502678e-08,3.52478e-07
1548,2,2,tulips,tulips,0.99999976,3.7053016e-15,4.546622e-12,0.99999976,1.7590352e-08,2.5242076e-07
1556,0,0,dandelion,dandelion,1.0,1.0,3.8933106e-09,1.2599387e-09,1.7856545e-10,2.3249023e-14
1557,0,0,dandelion,dandelion,0.9999999,0.9999999,9.684628e-08,9.423139e-14,4.1976648e-11,1.3949733e-13
1576,2,2,tulips,tulips,0.80244476,8.296431e-07,6.2678137e-06,0.80244476,1.1225682e-06,0.19754705
1578,4,4,roses,roses,0.9744486,2.0664505e-05,0.013010967,0.012512161,7.611253e-06,0.9744486
1579,4,4,roses,roses,0.9762457,3.2160104e-11,0.0006064379,0.023147654,2.1550547e-07,0.9762457
1581,3,3,sunflowers,sunflowers,0.99063826,0.00026744654,3.2046364e-06,0.009087712,0.99063826,3.278724e-06
1584,0,0,dandelion,dandelion,0.7395625,0.7395625,0.25902942,2.0496186e-07,0.001407825,3.8082115e-09
1589,1,1,daisy,daisy,0.87963355,0.020919137,0.87963355,0.040564068,0.024469662,0.03441351
1590,2,2,tulips,tulips,1.0,2.406944e-13,1.8909727e-10,1.0,6.807615e-10,1.7318881e-10
1599,1,1,daisy,daisy,0.99760866,0.00033265958,0.99760866,9.068881e-11,0.0020587111,2.7475966e-11
1615,0,0,dandelion,dandelion,1.0,1.0,5.6043493e-08,7.41483e-09,5.3508167e-09,2.8142632e-11
1616,2,2,tulips,tulips,0.99999964,1.6152194e-19,1.0118298e-15,0.99999964,5.7940084e-22,3.7033908e-07
1617,2,2,tulips,tulips,0.88738513,1.64662e-10,9.231763e-07,0.88738513,4.316199e-07,0.11261348
1622,0,4,dandelion,roses,0.8717637,5.2852467e-08,0.0009914973,0.040434092,0.08681071,0.8717637
1623,3,3,sunflowers,sunflowers,0.9999988,1.0561753e-07,2.3608791e-08,1.6450352e-07,0.9999988,9.199084e-07
1626,0,0,dandelion,dandelion,0.9999962,0.9999962,1.194698e-06,2.2647384e-11,2.6755565e-06,3.9551582e-12
1643,2,4,tulips,roses,0.9998611,3.3236695e-11,3.305842e-10,0.00013889985,1.0725646e-13,0.9998611
1646,2,2,tulips,tulips,0.9990854,4.314192e-09,3.5333805e-08,0.9990854,5.9524837e-07,0.0009140086
1648,2,4,tulips,roses,0.99998105,4.2977597e-11,2.5843283e-10,1.8911725e-05,4.9764606e-12,0.99998105
1675,4,2,roses,tulips,0.99695873,5.7143843e-08,9.5650485e-08,0.99695873,0.0022854966,0.00075563375
1694,4,4,roses,roses,0.9894276,0.0006383539,2.150233e-06,0.007050582,0.0028812431,0.9894276
1700,2,2,tulips,tulips,1.0,6.4948054e-14,7.440847e-15,1.0,1.3445747e-15,6.8089852e-12
1707,0,0,dandelion,dandelion,1.0,1.0,3.3974772e-09,3.463401e-14,5.379243e-13,1.7050714e-16
1710,1,1,daisy,daisy,1.0,1.074924e-12,1.0,1.9641257e-18,3.698124e-10,9.396518e-19
1713,2,2,tulips,tulips,0.99990225,2.987139e-11,1.0680048e-10,0.99990225,6.2438915e-11,9.776677e-05
1718,1,1,daisy,daisy,0.9999999,1.1804079e-13,0.9999999,1.2475947e-16,7.665498e-08,2.5931653e-18
1745,3,3,sunflowers,sunflowers,0.99999857,9.041821e-08,1.3217073e-06,3.1392576e-11,0.99999857,7.342561e-14
1749,0,0,dandelion,dandelion,0.99992585,0.99992585,7.386101e-05,7.3159924e-08,1.0664317e-07,4.2362376e-09
1751,1,1,daisy,daisy,0.9999963,2.3795348e-08,0.9999963,3.8084518e-16,3.725772e-06,5.993318e-16
1757,1,1,daisy,daisy,1.0,3.160372e-12,1.0,2.1837415e-16,8.943071e-09,9.567617e-16
1771,1,1,daisy,daisy,1.0,7.266911e-12,1.0,2.0335239e-15,1.6260762e-11,1.6796317e-21
1775,1,1,daisy,daisy,0.9999902,9.5080395e-06,0.9999902,3.7839523e-10,2.3489235e-07,5.6738664e-10
1778,0,0,dandelion,dandelion,1.0,1.0,8.873992e-11,8.5384655e-14,4.9629024e-13,2.87785e-18
1790,2,2,tulips,tulips,0.9771344,6.1344685e-09,7.722768e-07,0.9771344,4.409124e-08,0.022864772
1795,0,0,dandelion,dandelion,1.0,1.0,1.4593268e-08,2.47019e-11,8.621573e-09,4.6159545e-14
1799,2,2,tulips,tulips,0.9999969,3.693418e-10,1.349886e-09,0.9999969,2.8082267e-08,3.0510846e-06
1819,2,4,tulips,roses,0.9865926,2.2081473e-07,5.202382e-06,0.013400247,1.7359366e-06,0.9865926
1838,2,2,tulips,tulips,1.0,2.6209524e-14,5.8598265e-11,1.0,9.391351e-13,1.9811415e-09
1841,0,0,dandelion,dandelion,0.9997472,0.9997472,2.3494393e-07,2.793801e-09,0.00025252326,7.147769e-10
1842,0,0,dandelion,dandelion,0.99999166,0.99999166,3.6274967e-06,4.4493195e-06,2.293112e-07,1.0688438e-07
1848,0,0,dandelion,dandelion,1.0,1.0,2.4858554e-17,2.143675e-19,6.364761e-15,3.457621e-24
1852,0,0,dandelion,dandelion,0.9999999,0.9999999,8.5841656e-08,1.3477502e-08,1.3380147e-08,6.6453067e-12
1860,4,4,roses,roses,0.9999999,1.2705543e-13,9.235456e-13,1.4094303e-07,2.0376016e-10,0.9999999
1866,4,2,roses,tulips,0.9906014,2.3499326e-13,5.8190026e-09,0.9906014,1.4333767e-08,0.009398568
1867,2,2,tulips,tulips,1.0,3.083922e-14,3.868026e-09,1.0,2.3533906e-09,5.37047e-12
1869,1,1,daisy,daisy,0.99961674,0.0003058223,0.99961674,3.684318e-10,7.7494224e-05,3.1534206e-10
1870,3,3,sunflowers,sunflowers,1.0,1.0915642e-12,3.8795113e-11,8.360478e-16,1.0,4.8404014e-19
1872,3,2,sunflowers,tulips,0.7462372,0.012032441,8.0267155e-06,0.7462372,0.23978998,0.0019323293
1894,4,4,roses,roses,0.99704856,3.849463e-07,3.9995207e-06,0.002946997,1.04480854e-07,0.99704856
1902,0,1,dandelion,daisy,0.9634872,0.034011982,0.9634872,0.0002523733,0.0016367217,0.0006117353
1908,1,1,daisy,daisy,0.99999917,7.763477e-07,0.99999917,3.2457452e-14,4.579187e-08,2.89608e-14
1910,0,0,dandelion,dandelion,0.9877033,0.9877033,8.462021e-07,4.7340606e-07,0.012295321,4.862053e-08
1912,1,1,daisy,daisy,0.9999995,2.827676e-07,0.9999995,2.2996919e-14,2.6360206e-07,2.821749e-15
1918,3,3,sunflowers,sunflowers,0.997841,9.6777485e-06,0.0021291617,1.594041e-05,0.997841,4.184848e-06
1920,4,4,roses,roses,0.9999999,3.2717067e-12,1.5930958e-11,1.3758674e-07,6.9622716e-15,0.9999999
1929,1,1,daisy,daisy,0.9999993,3.249799e-07,0.9999993,7.467882e-08,2.5939474e-07,3.64786e-12
1943,0,0,dandelion,dandelion,0.999905,0.999905,8.566223e-05,1.2382881e-08,9.312049e-06,1.6024082e-09
1948,1,1,daisy,daisy,1.0,8.044719e-12,1.0,4.2806873e-14,2.0849455e-12,2.7663585e-16
1967,4,2,roses,tulips,0.9543595,1.6060203e-10,2.4758149e-09,0.9543595,7.2871103e-07,0.045639887
1968,2,2,tulips,tulips,0.999997,1.7569232e-17,2.0784565e-11,0.999997,1.0037802e-16,2.9604412e-06
1974,2,3,tulips,sunflowers,0.97078437,0.00036599542,0.0048735426,0.021412482,0.97078437,0.0025635955
1977,0,0,dandelion,dandelion,0.9999528,0.9999528,4.4401546e-05,2.0249793e-07,2.6665987e-06,3.68478e-08
1984,0,0,dandelion,dandelion,0.99999976,0.99999976,2.2203962e-07,4.1346768e-10,8.589482e-09,4.0533696e-09
2013,2,2,tulips,tulips,1.0,3.479685e-09,2.0808784e-11,1.0,1.0473787e-09,4.7174723e-08
2017,1,3,daisy,sunflowers,0.97780585,0.00044882868,0.016466826,0.0052443696,0.97780585,3.408972e-05
2018,0,0,dandelion,dandelion,0.9999995,0.9999995,4.7238018e-07,1.3781088e-12,2.9920134e-08,9.991527e-13
2025,3,4,sunflowers,roses,0.54067653,0.0010569397,0.00084277877,0.0022904328,0.45513335,0.54067653
2033,0,0,dandelion,dandelion,0.99451715,0.99451715,9.864309e-06,2.4287072e-05,0.0054487404,3.9121972e-10
2040,0,0,dandelion,dandelion,0.94017607,0.94017607,7.906956e-05,0.00746153,0.052283082,3.1738486e-07
2043,0,0,dandelion,dandelion,0.99999917,0.99999917,5.1266784e-07,1.3585743e-11,3.601648e-07,5.1677067e-14
2046,3,3,sunflowers,sunflowers,1.0,2.0432563e-18,6.315509e-18,1.5826726e-21,1.0,3.5272494e-20
2053,0,0,dandelion,dandelion,0.99998415,0.99998415,1.2176137e-06,1.8858229e-06,6.072313e-06,6.675928e-06
2057,4,4,roses,roses,1.0,2.279053e-17,3.2384846e-16,1.615415e-10,3.0237675e-13,1.0
2060,3,3,sunflowers,sunflowers,0.99999964,2.8139297e-07,4.32481e-08,2.533279e-17,0.99999964,1.4351955e-15
2069,2,2,tulips,tulips,0.9999999,1.2110352e-10,4.3155555e-09,0.9999999,7.2627955e-08,4.6472357e-10
2071,3,1,sunflowers,daisy,0.52243286,0.0021990042,0.52243286,0.0040304814,0.4707619,0.00057579443
2078,1,1,daisy,daisy,1.0,1.0295726e-16,1.0,1.9541245e-20,1.7472367e-10,2.6713865e-22
2083,0,0,dandelion,dandelion,0.99945956,0.99945956,1.907861e-06,5.3305494e-06,5.4971184e-05,0.0004781989
2093,0,0,dandelion,dandelion,0.5711756,0.5711756,0.0003049247,6.090176e-07,0.426654,0.001864899
2104,2,2,tulips,tulips,0.99999034,6.959564e-11,3.0596383e-09,0.99999034,9.64967e-06,2.4798696e-09
2105,2,2,tulips,tulips,0.9999974,1.3356501e-12,6.8883354e-12,0.9999974,8.091066e-11,2.6504706e-06
2117,3,4,sunflowers,roses,0.57507753,0.00011269085,0.00091669447,0.020372218,0.40352088,0.57507753
2123,2,2,tulips,tulips,0.9987484,4.212821e-05,0.0009404827,0.9987484,1.4298001e-05,0.00025470706
2126,2,2,tulips,tulips,0.9981736,4.7449057e-06,0.0009023368,0.9981736,1.2600076e-05,0.00090666313
2136,2,2,tulips,tulips,1.0,2.6851248e-13,2.2209335e-08,1.0,1.6195306e-10,1.2799734e-08
2140,0,1,dandelion,daisy,0.9024776,0.090953454,0.9024776,8.720582e-07,0.006568081,3.2949397e-09
2150,4,4,roses,roses,0.95935285,1.4508792e-05,7.180236e-06,0.04062525,2.1362102e-07,0.95935285
2153,1,2,daisy,tulips,0.62617064,0.00075441645,0.32249343,0.62617064,0.004455368,0.04612615
2160,3,3,sunflowers,sunflowers,0.9999999,3.1812563e-11,2.2981211e-12,1.10682535e-07,0.9999999,2.880904e-10
2161,1,0,daisy,dandelion,0.9077351,0.9077351,0.0639311,0.0016512553,0.026313465,0.00036906925
2182,1,1,daisy,daisy,0.9999869,1.3015837e-05,0.9999869,2.0613429e-09,1.5406256e-07,1.6795998e-10
2187,4,4,roses,roses,0.997329,5.1328293e-09,7.0460295e-08,0.00015580888,0.002515098,0.997329
2190,0,0,dandelion,dandelion,0.9683728,0.9683728,0.00046340097,8.2304024e-07,0.031162927,8.106492e-08
2191,3,3,sunflowers,sunflowers,1.0,7.3724765e-14,1.0290766e-11,2.0583199e-14,1.0,2.9732475e-19
2194,0,0,dandelion,dandelion,0.999998,0.999998,6.6023557e-07,7.231959e-11,1.3180738e-06,2.9823427e-10
2199,2,2,tulips,tulips,0.9999877,4.912398e-14,1.1902872e-09,0.9999877,6.5762124e-06,5.7560515e-06
2204,4,4,roses,roses,0.98062265,7.826526e-06,2.6564824e-06,0.019366665,2.2366335e-07,0.98062265
2228,2,2,tulips,tulips,1.0,5.3535715e-17,4.7079657e-14,1.0,1.7416477e-13,1.09195005e-11
2236,0,0,dandelion,dandelion,0.99962616,0.99962616,0.000373593,1.4077511e-07,3.1306426e-09,1.4707227e-07
2238,0,0,dandelion,dandelion,0.99860734,0.99860734,6.5815307e-06,3.1289244e-06,0.0013827046,3.3061187e-07
2244,3,3,sunflowers,sunflowers,0.99991393,3.4412187e-05,5.163413e-05,1.1818761e-10,0.99991393,7.49804e-13
2246,1,1,daisy,daisy,0.57279074,0.00041483404,0.57279074,0.42631274,0.00030628167,0.00017539467
2249,3,3,sunflowers,sunflowers,1.0,4.7519876e-08,9.2102416e-11,4.3683293e-11,1.0,1.411464e-11
2251,0,0,dandelion,dandelion,0.9384469,0.9384469,0.052605588,3.911685e-05,0.008856717,5.1723302e-05
2253,1,1,daisy,daisy,0.9987924,0.0011931058,0.9987924,8.610181e-06,4.874533e-06,9.160313e-07
2263,2,2,tulips,tulips,1.0,3.4407265e-24,3.2383083e-18,1.0,1.8063814e-19,1.60697e-14
2276,1,1,daisy,daisy,0.9999696,3.5355094e-06,0.9999696,3.5523875e-08,2.6794522e-05,1.4353765e-08
2288,0,0,dandelion,dandelion,1.0,1.0,1.7227718e-10,2.3013376e-11,8.0935425e-11,4.2737875e-13
2295,4,4,roses,roses,1.0,3.5716867e-13,8.684035e-10,4.357817e-08,9.47136e-10,1.0
2321,3,3,sunflowers,sunflowers,0.98728925,0.012667033,2.9507366e-05,1.4079681e-05,0.98728925,1.192837e-08
2330,4,4,roses,roses,1.0,1.954319e-08,3.2884726e-09,4.3795128e-09,5.3222644e-13,1.0
2359,1,1,daisy,daisy,1.0,6.1672862e-09,1.0,1.4048574e-14,5.117228e-10,9.269211e-18
2366,2,2,tulips,tulips,0.9854338,4.822525e-07,4.6053254e-05,0.9854338,0.003316089,0.011203532
2367,2,2,tulips,tulips,1.0,6.007515e-14,1.14653815e-08,1.0,3.3016308e-14,3.864143e-11
2372,3,3,sunflowers,sunflowers,0.9999975,1.3918998e-06,1.3403103e-08,1.0511402e-06,0.9999975,8.764138e-09
2379,2,2,tulips,tulips,1.0,1.4402066e-14,9.291929e-09,1.0,1.6164437e-15,8.281976e-09
2392,3,3,sunflowers,sunflowers,0.9999968,3.2144105e-06,2.0930478e-15,6.2417985e-16,0.9999968,4.5515387e-15
2396,0,0,dandelion,dandelion,0.994795,0.994795,4.6897752e-05,7.0482275e-07,0.0051573855,7.0016015e-10
2402,4,4,roses,roses,1.0,2.8246e-18,5.5293937e-17,4.6082204e-11,1.3454691e-20,1.0
2411,3,3,sunflowers,sunflowers,1.0,1.2644459e-12,1.2966894e-09,1.4935774e-12,1.0,1.1238629e-15
2417,2,2,tulips,tulips,1.0,1.9642762e-10,5.2654727e-15,1.0,1.862833e-12,1.6136792e-09
2421,0,0,dandelion,dandelion,0.9473989,0.9473989,0.051789258,2.2664253e-06,0.00080948655,1.1092867e-09
2429,0,3,dandelion,sunflowers,0.67080355,0.00045927256,0.13215655,0.07784942,0.67080355,0.118731186
2438,2,3,tulips,sunflowers,0.973244,8.290627e-06,6.127708e-07,0.025684392,0.973244,0.0010626296
2440,4,2,roses,tulips,0.99770445,1.1840343e-09,2.6145659e-11,0.99770445,1.3290499e-07,0.0022954992
2444,2,2,tulips,tulips,1.0,6.2233925e-16,1.6728017e-11,1.0,3.6159482e-16,8.381136e-09
2447,3,3,sunflowers,sunflowers,0.9999975,1.94775e-06,1.639437e-09,5.9228785e-07,0.9999975,1.2804e-08
2449,0,0,dandelion,dandelion,1.0,1.0,1.7930494e-11,7.921881e-17,2.265222e-15,7.895682e-20
2473,4,4,roses,roses,1.0,7.22736e-13,7.3074866e-11,5.9727636e-09,1.86616e-14,1.0
2474,4,4,roses,roses,0.97587967,3.2983428e-06,5.3267246e-05,0.024056312,7.393523e-06,0.97587967
2479,3,3,sunflowers,sunflowers,0.9834925,0.011646812,0.0048603667,3.9494023e-07,0.9834925,2.3477276e-10
2488,2,2,tulips,tulips,0.99388874,0.00017682093,0.005812972,0.99388874,6.965281e-10,0.00012143838
2491,0,0,dandelion,dandelion,0.99994695,0.99994695,5.2817362e-05,2.4597052e-12,2.0350811e-07,5.4903337e-13
2506,4,4,roses,roses,0.9679423,3.2877608e-08,2.1424225e-10,0.03204374,1.38793985e-05,0.9679423
2527,2,2,tulips,tulips,0.9996997,2.8265527e-11,1.2444337e-07,0.9996997,5.09515e-08,0.0003002268
2532,0,0,dandelion,dandelion,0.9337571,0.9337571,0.045451596,0.0030873474,0.017676387,2.763146e-05
2533,0,1,dandelion,daisy,0.73584795,0.11000031,0.73584795,0.119442135,0.034223225,0.00048632332
2543,0,0,dandelion,dandelion,0.9999559,0.9999559,3.2718643e-05,1.8253486e-06,9.623329e-06,1.6691406e-13
2547,0,0,dandelion,dandelion,1.0,1.0,1.3666412e-13,1.9424917e-14,1.5554967e-12,1.2519068e-20
2567,3,3,sunflowers,sunflowers,0.76740694,0.0005508832,8.021405e-05,0.23194762,0.76740694,1.4331354e-05
2568,4,4,roses,roses,0.5557984,5.2054617e-07,1.003432e-05,0.44419056,4.7320663e-07,0.5557984
2572,4,4,roses,roses,0.9987436,1.1525816e-14,1.3918059e-08,0.0012564756,1.3444522e-10,0.9987436
2576,2,2,tulips,tulips,0.99999344,1.8838627e-16,6.7062736e-14,0.99999344,1.4654463e-14,6.5970867e-06
2585,2,2,tulips,tulips,1.0,1.7780279e-29,7.9173146e-18,1.0,3.0375782e-16,2.5191196e-20
2599,4,4,roses,roses,0.9990514,1.9044743e-11,1.615872e-07,0.0009484341,2.7467252e-11,0.9990514
2606,1,1,daisy,daisy,0.99998844,2.5205723e-06,0.99998844,1.3068894e-09,9.0029425e-06,5.1770508e-11
2610,3,2,sunflowers,tulips,0.64598006,0.00036602493,0.00014695238,0.64598006,0.29681435,0.056692652
2611,0,0,dandelion,dandelion,0.9973947,0.9973947,5.6352903e-05,2.998383e-14,0.0025489542,5.5619995e-16
2617,3,3,sunflowers,sunflowers,1.0,1.5463001e-12,5.481451e-12,6.354233e-11,1.0,8.634781e-18
2618,0,0,dandelion,dandelion,1.0,1.0,2.592135e-12,9.300136e-17,7.2654283e-12,5.798887e-18
2633,4,4,roses,roses,0.9999571,2.106288e-08,6.8295584e-11,4.29386e-05,2.8234975e-11,0.9999571
2635,2,2,tulips,tulips,0.84628713,9.673366e-09,7.335778e-08,0.84628713,2.3164422e-12,0.1537127
2636,1,1,daisy,daisy,0.99539065,3.3052156e-06,0.99539065,9.930423e-06,0.004595878,2.8993387e-07
2638,3,3,sunflowers,sunflowers,0.9424281,0.057547394,2.4135028e-05,3.4514568e-07,0.9424281,3.1601175e-09
2641,1,1,daisy,daisy,0.9999684,3.1553143e-05,0.9999684,6.500308e-12,4.2374038e-09,2.8657833e-08
2646,4,4,roses,roses,0.99757534,3.8953566e-08,1.0028218e-07,0.0022294042,0.0001950689,0.99757534
2649,3,3,sunflowers,sunflowers,0.9642968,0.0024335221,0.03326971,1.315626e-08,0.9642968,3.5942545e-08
2650,2,2,tulips,tulips,0.9981939,2.0626038e-07,9.863918e-06,0.9981939,1.4433143e-11,0.0017960002
2655,2,4,tulips,roses,0.87758034,7.6686485e-10,0.00021414168,0.12220548,1.6982452e-09,0.87758034
2665,0,0,dandelion,dandelion,0.99999976,0.99999976,7.4571965e-08,1.9939058e-08,6.055412e-08,8.244671e-12
2673,1,1,daisy,daisy,0.999915,5.37181e-05,0.999915,6.482248e-07,2.759736e-05,2.957512e-06
2684,0,0,dandelion,dandelion,1.0,1.0,5.1564997e-09,1.2613934e-09,2.5016963e-08,2.3534601e-11
2685,3,3,sunflowers,sunflowers,1.0,4.9262074e-09,4.5770864e-08,1.1670478e-09,1.0,5.2857467e-12
2697,1,1,daisy,daisy,0.99923205,0.0002814285,0.99923205,6.388049e-07,0.00048588708,1.2667133e-08
2709,0,0,dandelion,dandelion,0.9999765,0.9999765,2.0115023e-05,2.6612987e-08,3.275799e-06,1.17590035e-08
2714,3,3,sunflowers,sunflowers,1.0,2.2758314e-08,1.7409661e-10,5.2606905e-09,1.0,4.0347942e-10
2720,4,4,roses,roses,0.9999633,4.8075155e-15,4.153874e-11,3.667079e-05,1.7662637e-11,0.9999633
2733,2,2,tulips,tulips,0.9997582,1.5936963e-06,3.0393307e-06,0.9997582,0.00021979613,1.740294e-05
2762,4,4,roses,roses,0.99999404,1.325278e-14,5.094259e-06,9.183201e-07,1.1858902e-19,0.99999404
2767,0,0,dandelion,dandelion,1.0,1.0,2.1719726e-13,1.8556088e-13,3.658782e-12,2.1036927e-15
2770,4,4,roses,roses,0.99995446,4.433141e-13,7.462587e-17,4.5588673e-05,2.2339851e-12,0.99995446
2774,2,2,tulips,tulips,0.9851022,2.4714957e-09,1.1717681e-06,0.9851022,2.3129344e-06,0.014894344
2778,0,0,dandelion,dandelion,1.0,1.0,6.6734267e-09,2.7330895e-14,1.678893e-12,1.4940553e-13
2779,0,0,dandelion,dandelion,0.9999174,0.9999174,2.3333078e-07,5.0404175e-10,8.234121e-05,7.610825e-10
2785,3,3,sunflowers,sunflowers,0.987528,0.012398454,6.307528e-05,1.0368758e-05,0.987528,7.369743e-08
2791,0,0,dandelion,dandelion,0.9999999,0.9999999,1.1572772e-12,7.016336e-13,1.6376956e-07,1.5194178e-15
2792,4,2,roses,tulips,0.45587066,0.00013619548,2.729311e-06,0.45587066,0.14690354,0.39708692
2798,2,2,tulips,tulips,1.0,1.6798084e-13,3.1320346e-09,1.0,3.43297e-10,8.143108e-11
2808,3,3,sunflowers,sunflowers,0.9999802,1.6649019e-05,3.1125364e-06,1.2977419e-10,0.9999802,8.134057e-10
2814,3,0,sunflowers,dandelion,0.9747414,0.9747414,0.0009049101,7.908433e-09,0.024353586,2.1015511e-08
2836,2,2,tulips,tulips,0.9991326,0.00013574211,9.228276e-05,0.9991326,1.9057905e-05,0.0006204609
2839,2,2,tulips,tulips,0.9971957,4.1822025e-13,5.171631e-11,0.9971957,2.490947e-13,0.0028042854
2842,3,3,sunflowers,sunflowers,0.99774146,0.00049255224,3.3308526e-05,0.00078230124,0.99774146,0.0009504249
2856,3,3,sunflowers,sunflowers,0.9985563,1.1508562e-07,5.861155e-06,0.00032799464,0.9985563,0.0011097826
2870,4,4,roses,roses,0.9994808,2.5762308e-06,2.3738442e-06,0.0005141038,2.498697e-07,0.9994808
2875,4,4,roses,roses,0.9988655,1.1280285e-06,5.4744137e-06,0.0011274178,5.4537804e-07,0.9988655
2877,1,1,daisy,daisy,0.85424596,0.00010928554,0.85424596,0.00012663788,0.14520283,0.00031526224
2878,4,4,roses,roses,0.5463406,5.4987377e-06,7.7527366e-05,0.431511,0.022065371,0.5463406
2894,0,0,dandelion,dandelion,1.0,1.0,1.6189498e-14,4.415012e-18,3.1895229e-09,4.833611e-19
2903,3,3,sunflowers,sunflowers,0.9999198,1.2087965e-10,3.9099665e-12,8.020111e-05,0.9999198,1.4792641e-14
2906,4,4,roses,roses,0.9999964,2.0784366e-10,2.6132486e-08,8.076901e-08,3.4590846e-06,0.9999964
2909,1,1,daisy,daisy,0.999977,1.1395544e-07,0.999977,8.293344e-12,2.2835417e-05,5.84732e-15
2914,3,3,sunflowers,sunflowers,0.9997688,1.6817627e-06,3.5504638e-07,0.00022914853,0.9997688,1.1978725e-08
2920,1,1,daisy,daisy,0.9999994,7.560727e-12,0.9999994,5.7340463e-07,2.3426308e-10,1.8690285e-08
2921,0,0,dandelion,dandelion,1.0,1.0,3.199529e-08,1.1169072e-11,1.6526019e-09,5.135096e-12
2938,4,2,roses,tulips,0.7544639,9.483581e-10,6.717369e-07,0.7544639,2.3449688e-11,0.24553542
2962,2,2,tulips,tulips,0.9961926,0.0022014324,0.00058485946,0.9961926,0.00061437674,0.0004069032
2968,3,3,sunflowers,sunflowers,0.9977761,1.0430381e-09,0.0018983054,0.00029315084,0.9977761,3.230903e-05
2987,1,1,daisy,daisy,0.999972,2.2572965e-07,0.999972,1.9621612e-05,8.190652e-06,4.2498183e-13
2997,3,3,sunflowers,sunflowers,0.9979989,2.4551794e-09,1.2421183e-06,0.0019941588,0.9979989,5.7648817e-06
2998,1,1,daisy,daisy,0.99628156,3.5832194e-08,0.99628156,0.003682226,1.6285e-07,3.6129342e-05
3007,1,1,daisy,daisy,1.0,1.3723427e-14,1.0,1.3104199e-15,2.1856348e-11,1.0007665e-16
3014,1,1,daisy,daisy,0.9966876,0.0033121794,0.9966876,1.6322242e-07,4.7678437e-08,2.0600009e-08
3015,3,3,sunflowers,sunflowers,0.9999958,4.2139545e-06,2.2259432e-10,5.699468e-12,0.9999958,1.7204332e-10
3032,1,1,daisy,daisy,0.99999845,1.0619582e-07,0.99999845,2.4971392e-12,1.3866426e-06,4.483714e-09
3033,1,1,daisy,daisy,0.9941037,0.00076207594,0.9941037,7.4170193e-06,0.0051139332,1.275255e-05
3034,0,0,dandelion,dandelion,0.99997306,0.99997306,1.2682507e-05,8.119831e-06,5.4755574e-08,6.070602e-06
3040,3,3,sunflowers,sunflowers,0.99259186,0.0014185357,0.0011859048,0.0016874614,0.99259186,0.0031162386
3043,2,4,tulips,roses,0.59718376,2.8871305e-09,1.7596632e-10,0.4028162,4.6925942e-11,0.59718376
3045,1,1,daisy,daisy,0.9992525,4.8002577e-05,0.9992525,2.3555619e-07,0.0006990568,2.012236e-07
3049,0,1,dandelion,daisy,0.6111181,0.16186641,0.6111181,7.806783e-05,0.22693399,3.5168653e-06
3052,4,2,roses,tulips,0.52252877,0.0008651677,3.3119748e-05,0.52252877,0.00015511645,0.47641784
3053,3,3,sunflowers,sunflowers,0.99998426,3.3118123e-08,1.336007e-12,1.5781026e-05,0.99998426,5.088914e-09
3057,1,1,daisy,daisy,1.0,1.2344273e-12,1.0,1.5347993e-12,2.8042784e-09,1.604819e-15
3059,2,2,tulips,tulips,0.9995604,7.166024e-09,1.2796872e-07,0.9995604,1.0651587e-09,0.00043949124
3072,1,1,daisy,daisy,0.9999999,9.776524e-10,0.9999999,6.067551e-12,7.713722e-08,1.5314859e-16
3079,0,0,dandelion,dandelion,0.80615216,0.80615216,0.021748345,0.12656264,0.042586025,0.0029508197
3083,2,2,tulips,tulips,0.9995185,7.513039e-05,4.955191e-05,0.9995185,7.623827e-06,0.00034927766
3088,3,3,sunflowers,sunflowers,1.0,3.0352193e-21,4.6512845e-23,5.763968e-28,1.0,5.1516e-33
3089,3,3,sunflowers,sunflowers,0.9949196,0.00045135053,0.0011377593,0.0034912538,0.9949196,1.6839634e-07
3104,2,2,tulips,tulips,0.975907,1.3281961e-05,0.022965249,0.975907,0.0011142412,1.16165396e-07
3105,4,4,roses,roses,0.9998597,2.0982432e-07,1.6825084e-07,9.909742e-05,4.079353e-05,0.9998597
3109,3,3,sunflowers,sunflowers,0.53817284,0.1494657,0.0010186039,0.3112145,0.53817284,0.00012837582
3111,4,2,roses,tulips,0.9785962,1.1822528e-12,3.7194024e-08,0.9785962,1.0388567e-08,0.021403758
3113,1,1,daisy,daisy,0.83803636,0.0004948197,0.83803636,1.6757471e-06,0.16146696,1.9732259e-07
3114,1,1,daisy,daisy,0.9322132,0.0023145562,0.9322132,5.9954773e-06,0.065463535,2.7069648e-06
3116,0,0,dandelion,dandelion,1.0,1.0,8.471732e-13,4.373539e-19,2.452821e-13,4.6012946e-28
3127,0,0,dandelion,dandelion,0.99999905,0.99999905,3.0258911e-07,5.9878142e-09,5.727617e-07,2.7600822e-10
3130,3,3,sunflowers,sunflowers,0.9999994,2.8409188e-08,5.8967896e-07,1.4005039e-10,0.9999994,4.074255e-14
3134,4,2,roses,tulips,0.93694663,6.093518e-11,1.3379752e-05,0.93694663,0.012976997,0.050062973
3147,0,0,dandelion,dandelion,1.0,1.0,5.2006706e-13,2.527345e-16,6.795909e-15,9.1547846e-20
3154,4,4,roses,roses,0.99996996,1.9623327e-11,2.4176683e-11,3.0069212e-05,1.0010406e-11,0.99996996
3156,2,2,tulips,tulips,1.0,1.673409e-21,5.6785496e-12,1.0,5.6169253e-11,2.894806e-18
3157,0,0,dandelion,dandelion,0.9999993,0.9999993,2.6375362e-09,1.3275821e-14,7.591843e-07,5.108624e-17
3171,0,0,dandelion,dandelion,0.99999964,0.99999964,2.8268568e-07,4.9571895e-08,8.678577e-08,3.0083857e-08
3183,2,2,tulips,tulips,1.0,1.1139199e-19,5.272928e-16,1.0,3.1662283e-17,1.6536296e-13
3192,2,2,tulips,tulips,0.9999968,1.3376199e-12,3.5117713e-09,0.9999968,1.9549904e-09,3.2490673e-06
3193,2,2,tulips,tulips,0.9987325,1.1702816e-10,1.3874835e-06,0.9987325,8.537091e-12,0.0012660313
3194,3,1,sunflowers,daisy,0.6583253,0.00029588738,0.6583253,7.915159e-07,0.34137803,1.4738116e-08
3196,3,3,sunflowers,sunflowers,0.99984837,3.2122017e-08,9.447992e-09,7.802191e-05,0.99984837,7.3555915e-05
3199,4,4,roses,roses,0.9813394,3.6006083e-12,3.7701287e-10,0.01866061,1.4571719e-11,0.9813394
3204,3,3,sunflowers,sunflowers,0.9799857,0.019680688,0.00031353618,1.6881126e-05,0.9799857,3.0964084e-06
3206,1,1,daisy,daisy,0.9999994,8.127333e-12,0.9999994,3.930108e-15,5.518803e-07,1.748022e-18
3212,1,1,daisy,daisy,0.7514026,6.750744e-05,0.7514026,0.24505147,0.003476361,2.0005093e-06
3213,1,0,daisy,dandelion,0.3527744,0.3527744,0.34281236,0.00853572,1.684795e-05,0.29586065
3218,3,3,sunflowers,sunflowers,0.9989182,0.0007236677,3.3963403e-05,0.0003240176,0.9989182,2.7624776e-07
3222,2,2,tulips,tulips,1.0,3.7317627e-12,4.9626496e-12,1.0,3.4426908e-12,4.0954476e-11
3224,3,0,sunflowers,dandelion,0.9755005,0.9755005,3.3800223e-08,6.1366595e-14,0.024499418,2.4901988e-17
3226,3,3,sunflowers,sunflowers,0.99999654,3.8535186e-10,8.0467086e-14,4.9518377e-07,0.99999654,2.9325422e-06
3240,2,2,tulips,tulips,0.99994016,1.6039114e-12,3.342898e-11,0.99994016,6.6387886e-09,5.9849623e-05
3242,0,0,dandelion,dandelion,0.9951278,0.9951278,0.00015756134,0.001155931,0.00355877,1.3077306e-09
3244,1,1,daisy,daisy,1.0,1.4959509e-10,1.0,1.1416662e-14,8.753518e-09,8.032717e-15
3252,4,4,roses,roses,1.0,1.297013e-21,4.042787e-23,2.48441e-13,3.3813832e-22,1.0
3259,4,4,roses,roses,0.77487415,2.5116083e-11,1.4887623e-08,0.22512564,1.31515e-07,0.77487415
3260,2,2,tulips,tulips,0.9997073,3.4139394e-10,4.8354597e-08,0.9997073,2.42411e-08,0.0002926356
3265,0,0,dandelion,dandelion,0.9999999,0.9999999,5.3287325e-10,1.7113677e-14,1.6542118e-07,1.6830295e-15
3268,2,2,tulips,tulips,0.9990332,5.4769462e-08,1.641975e-06,0.9990332,6.767368e-09,0.0009651085
3273,4,2,roses,tulips,0.55554825,4.280027e-12,3.5457555e-09,0.55554825,3.1529732e-10,0.44445175
3281,3,3,sunflowers,sunflowers,0.902875,0.006840424,0.0720371,3.5938996e-05,0.902875,0.018211557
3290,4,2,roses,tulips,0.9290179,2.4184936e-07,2.0239037e-05,0.9290179,3.5155078e-06,0.07095802
3303,1,1,daisy,daisy,1.0,1.2758502e-14,1.0,3.0167891e-18,2.3883113e-11,2.4287975e-18
3336,1,1,daisy,daisy,0.99998593,7.1724226e-06,0.99998593,7.3972824e-12,6.878654e-06,1.2950571e-13
3338,2,2,tulips,tulips,0.9999527,3.7099402e-05,7.4970194e-06,0.9999527,1.4776325e-06,1.3330315e-06
3341,4,4,roses,roses,0.9981451,9.4575155e-12,1.0150897e-09,0.0018549107,2.885304e-12,0.9981451
3343,4,2,roses,tulips,0.99538535,6.304502e-05,0.00012685008,0.99538535,6.167645e-05,0.0043631094
3344,4,4,roses,roses,0.98437715,1.2086053e-12,1.8317486e-08,0.0039047822,0.011718107,0.98437715
3351,2,2,tulips,tulips,0.9989448,3.6585467e-07,6.3675525e-06,0.9989448,1.854136e-08,0.0010484402
3357,2,2,tulips,tulips,1.0,5.3613194e-16,1.1254766e-14,1.0,4.150017e-12,7.045908e-13
3361,2,4,tulips,roses,0.99009514,5.091357e-08,8.5351116e-05,0.007673173,0.0021462315,0.99009514
3365,0,0,dandelion,dandelion,1.0,1.0,7.916153e-14,2.5701026e-17,5.0404177e-11,2.4786847e-19
3366,4,4,roses,roses,0.9999926,1.8335328e-07,5.468048e-07,6.672567e-06,3.2585547e-12,0.9999926
3373,3,3,sunflowers,sunflowers,0.9999993,4.8683703e-11,5.0104126e-11,7.3148175e-07,0.9999993,9.706046e-10
3374,1,1,daisy,daisy,0.9999995,2.3115197e-08,0.9999995,5.4265287e-10,4.4485375e-07,4.6480675e-10
3384,2,2,tulips,tulips,1.0,6.103417e-16,2.6755726e-11,1.0,2.977841e-14,1.4984432e-11
3395,1,1,daisy,daisy,0.9998951,4.1459454e-05,0.9998951,1.1870479e-06,6.21417e-05,8.1532065e-08
3402,4,4,roses,roses,1.0,8.2033076e-16,9.319381e-14,4.375647e-09,5.4093473e-17,1.0
3405,0,0,dandelion,dandelion,0.999998,0.999998,5.059987e-07,1.1615087e-10,1.5452271e-06,2.900275e-08
3422,3,3,sunflowers,sunflowers,0.99995816,1.2821652e-08,4.1803603e-05,1.2163916e-11,0.99995816,5.0650224e-11
3436,2,2,tulips,tulips,0.98142517,1.7695275e-08,0.011225182,0.98142517,1.1363982e-09,0.007349581
3441,1,1,daisy,daisy,1.0,5.812908e-10,1.0,7.35821e-12,3.080492e-08,1.0270401e-13
3443,4,4,roses,roses,0.99650085,1.1882006e-15,3.306523e-10,0.0034991277,1.4825902e-13,0.99650085
3444,0,3,dandelion,sunflowers,0.9972128,0.0011756779,0.0015493559,6.222729e-05,0.9972128,8.701916e-11
3456,4,2,roses,tulips,0.832779,3.5832713e-07,7.865429e-06,0.832779,0.069329254,0.09788346
3457,3,3,sunflowers,sunflowers,0.9783427,0.017675469,0.003981741,1.4994507e-08,0.9783427,2.0780588e-09
3470,3,3,sunflowers,sunflowers,1.0,8.081173e-18,1.9283909e-13,2.6972064e-18,1.0,7.600562e-28
3473,4,4,roses,roses,0.9999999,1.01101304e-13,1.9895133e-13,8.12737e-08,2.998031e-11,0.9999999
3476,3,3,sunflowers,sunflowers,0.99999523,3.717169e-06,7.740676e-07,8.65954e-08,0.99999523,1.485732e-07
3492,0,0,dandelion,dandelion,1.0,1.0,4.8087124e-14,1.8221917e-12,2.5301898e-09,1.3938369e-18
3493,1,1,daisy,daisy,1.0,4.2114078e-16,1.0,4.0185896e-21,1.483477e-14,4.5603336e-21
3496,2,2,tulips,tulips,0.9999951,7.1267436e-08,3.6659082e-09,0.9999951,4.2323054e-06,4.5955503e-07
3504,2,2,tulips,tulips,0.99862444,9.654574e-06,0.0008082453,0.99862444,4.4699823e-06,0.0005532168
3507,2,3,tulips,sunflowers,0.84542197,0.00062562176,0.00031635983,0.00082346855,0.84542197,0.1528126
3508,4,4,roses,roses,0.9996829,1.2262022e-15,7.781113e-09,0.00013279094,0.0001843247,0.9996829
3521,1,1,daisy,daisy,0.99956685,0.000400757,0.99956685,5.3944285e-07,3.1848747e-05,5.2235972e-08
3532,1,1,daisy,daisy,0.995237,0.00436351,0.995237,2.3951768e-07,0.00039922126,3.256568e-10
3537,3,3,sunflowers,sunflowers,0.9999999,3.968993e-09,8.723671e-08,3.764792e-12,0.9999999,4.2152693e-14
3538,1,1,daisy,daisy,0.99948263,0.00048064094,0.99948263,1.3746337e-07,3.6367615e-05,2.2171179e-07
3541,0,0,dandelion,dandelion,0.9999999,0.9999999,1.3643663e-07,7.73008e-13,3.1616803e-08,1.8997869e-13
3544,0,2,dandelion,tulips,0.9629372,0.03203897,0.0003610298,0.9629372,0.0046429704,1.9815843e-05
3554,3,3,sunflowers,sunflowers,0.98977286,0.002414543,0.007581104,1.3364569e-05,0.98977286,0.00021819705
3564,0,0,dandelion,dandelion,1.0,1.0,1.7139542e-15,5.6663843e-21,6.23851e-16,7.4732176e-23
3576,2,2,tulips,tulips,0.99997175,1.0242524e-10,1.0793212e-08,0.99997175,2.113505e-13,2.8199443e-05
3580,4,4,roses,roses,0.9999609,3.1798446e-12,7.472807e-09,3.8006605e-05,1.0887377e-06,0.9999609
3582,2,2,tulips,tulips,0.99999774,6.4157185e-15,3.372874e-14,0.99999774,7.623015e-14,2.2104712e-06
3585,1,1,daisy,daisy,0.9635464,0.0015013795,0.9635464,0.0031231958,0.03182776,1.2329434e-06
3590,0,0,dandelion,dandelion,0.9775128,0.9775128,0.022462968,4.2644558e-08,2.326668e-05,9.1089436e-07
3593,3,3,sunflowers,sunflowers,1.0,3.2119222e-16,2.4778577e-15,7.3286424e-16,1.0,3.4522058e-23
3594,0,0,dandelion,dandelion,0.99944323,0.99944323,0.0005567799,1.8272907e-12,1.749789e-09,1.631659e-15
3595,3,3,sunflowers,sunflowers,0.9999645,6.6144835e-08,2.200721e-07,3.4994257e-05,0.9999645,2.7418363e-07
3600,2,2,tulips,tulips,0.94711244,1.2008682e-05,9.54375e-05,0.94711244,1.2900044e-07,0.052780014
3626,3,3,sunflowers,sunflowers,1.0,9.45694e-17,5.127275e-16,2.909093e-21,1.0,4.511648e-26
3646,0,0,dandelion,dandelion,0.9999629,0.9999629,2.5137948e-05,1.2357864e-07,1.1850026e-05,2.0562543e-10
3648,2,2,tulips,tulips,0.7888028,2.107327e-06,9.7191505e-06,0.7888028,0.20697659,0.0042086835
3654,1,1,daisy,daisy,1.0,9.4628694e-11,1.0,3.3111215e-18,1.1448167e-11,8.5811546e-19
3659,0,0,dandelion,dandelion,0.9991345,0.9991345,4.5230827e-05,0.0003301859,0.00047295296,1.7127979e-05
3660,3,3,sunflowers,sunflowers,1.0,1.4246676e-16,3.398645e-12,2.3206966e-19,1.0,1.93282e-25
3664,3,3,sunflowers,sunflowers,0.8434865,0.030440535,0.12607299,5.8563085e-11,0.8434865,9.342113e-10
